den,datum,orp_kod,orp_nazev,incidence_7,incidence_65_7,incidence_75_7,prevalence,prevalence_65,prevalence_75,aktualni_pocet_hospitalizovanych_osob,nove_hosp_7,testy_7,code,name,population,population_65,code_region,name_region,code_cz,name_cz,value_1,score_1,value_2,score_2,value_3,score_3,value_4,score_4,value_5,score_5,value_6,score_6,value_7,score_7,score
neděle,2020-08-02,1000,Praha,347,16,4,676,32,12,15,16,8081,1000,Praha,1324277,251166,CZ010,Praha,CZ,ČR,54.444802711215246,7,True,0,14.333150187525382,2,True,2,4.294023016953347,3,False,0,0.8784810126582279,5,19
neděle,2020-08-02,2101,Benešov,8,1,0,16,1,0,0,0,191,2101,Benešov,61022,12125,CZ020,Středočeský kraj,CZ,ČR,26.220051784602276,4,True,0,8.24742268041237,0,True,2,4.18848167539267,3,False,0,0.7272727272727273,0,9
neděle,2020-08-02,2102,Beroun,11,0,0,21,1,1,0,0,230,2102,Beroun,64927,11392,CZ020,Středočeský kraj,CZ,ČR,32.34401712692716,4,True,0,8.77808988764045,0,True,2,4.782608695652174,3,False,0,1.1,10,19
neděle,2020-08-02,2103,Brandýs n.L.- St.Boleslav,22,1,1,48,2,2,1,1,566,2103,Brandýs nad Labem-Stará Boleslav,113282,16416,CZ020,Středočeský kraj,CZ,ČR,43.25488603661658,4,True,0,12.183235867446394,2,True,2,3.8869257950530036,3,False,0,0.6666666666666666,0,11
neděle,2020-08-02,2104,Čáslav,0,0,0,2,0,0,0,0,64,2104,Čáslav,25663,5212,CZ020,Středočeský kraj,CZ,ČR,0.0,0,False,0,0.0,0,False,0,0.0,0,False,0,,30,30
neděle,2020-08-02,2105,Černošice,44,2,0,82,5,2,1,1,807,2105,Černošice,149338,23399,CZ020,Středočeský kraj,CZ,ČR,52.90013258514243,7,True,0,25.642121458181972,4,True,2,5.452292441140025,3,False,0,1.0731707317073171,10,26
neděle,2020-08-02,2106,Český Brod,4,0,0,8,1,0,0,0,77,2106,Český Brod,21537,3709,CZ020,Středočeský kraj,CZ,ČR,41.78854993731718,4,True,0,26.961445133459154,4,True,2,5.194805194805195,3,False,0,0.5714285714285714,0,13
neděle,2020-08-02,2107,Dobříš,3,0,0,5,0,0,0,0,77,2107,Dobříš,23079,4340,CZ020,Středočeský kraj,CZ,ČR,17.3317734737207,2,True,0,0.0,0,False,0,3.896103896103896,3,True,2,1.0,10,17
neděle,2020-08-02,2108,Hořovice,3,0,0,11,1,0,0,0,90,2108,Hořovice,30131,6103,CZ020,Středočeský kraj,CZ,ČR,36.50725166771763,4,True,0,16.385384237260364,2,True,2,3.3333333333333335,3,False,0,0.375,0,11
neděle,2020-08-02,2109,Kladno,16,0,0,31,0,0,0,0,250,2109,Kladno,125957,24239,CZ020,Středočeský kraj,CZ,ČR,23.02373032066499,2,True,0,0.0,0,False,0,6.4,3,True,2,1.1428571428571428,10,17
neděle,2020-08-02,2110,Kolín,7,0,0,11,0,-1,0,0,282,2110,Kolín,83500,16849,CZ020,Středočeský kraj,CZ,ČR,10.778443113772454,2,True,0,0.0,0,False,0,2.4822695035460995,0,True,2,3.5,30,34
neděle,2020-08-02,2111,Kralupy nad Vltavou,2,0,0,8,0,0,0,0,82,2111,Kralupy nad Vltavou,32515,5889,CZ020,Středočeský kraj,CZ,ČR,24.60402890973397,2,True,0,0.0,0,False,0,2.4390243902439024,0,False,0,0.3333333333333333,0,2
neděle,2020-08-02,2112,Kutná Hora,0,0,0,12,4,0,0,0,112,2112,Kutná Hora,50165,10703,CZ020,Středočeský kraj,CZ,ČR,1.9934217083624042,0,False,0,0.0,0,False,0,0.0,0,False,0,0.0,0,0
neděle,2020-08-02,2113,Lysá nad Labem,6,0,0,13,0,0,0,0,123,2113,Lysá nad Labem,26907,3448,CZ020,Středočeský kraj,CZ,ČR,52.03106998178912,7,True,0,0.0,0,False,0,4.878048780487805,3,False,0,1.5,20,30
neděle,2020-08-02,2114,Mělník,4,0,0,9,0,0,0,0,100,2114,Mělník,44600,8655,CZ020,Středočeský kraj,CZ,ČR,20.17937219730942,2,False,0,0.0,0,False,0,4.0,3,False,0,1.3333333333333333,15,20
neděle,2020-08-02,2115,Mladá Boleslav,19,0,0,26,0,0,0,0,282,2115,Mladá Boleslav,112464,20603,CZ020,Středočeský kraj,CZ,ČR,19.561815336463223,2,True,0,0.0,0,False,0,6.73758865248227,3,True,2,2.111111111111111,30,37
neděle,2020-08-02,2116,Mnichovo Hradiště,5,0,0,6,0,0,0,0,64,2116,Mnichovo Hradiště,17901,3388,CZ020,Středočeský kraj,CZ,ČR,33.517680576504105,4,True,0,0.0,0,False,0,7.8125,7,True,2,1.25,15,28
neděle,2020-08-02,2117,Neratovice,9,2,0,15,2,0,0,0,166,2117,Neratovice,32187,5907,CZ020,Středočeský kraj,CZ,ČR,49.70951005064156,4,False,0,33.85813441679363,4,True,2,5.421686746987952,3,False,0,1.0,10,23
neděle,2020-08-02,2118,Nymburk,18,0,0,20,0,0,0,0,253,2118,Nymburk,40183,8167,CZ020,Středočeský kraj,CZ,ČR,52.26090635343304,7,True,0,0.0,0,False,0,7.114624505928854,7,True,2,1.2857142857142858,15,31
neděle,2020-08-02,2119,Poděbrady,5,0,0,11,0,1,0,0,158,2119,Poděbrady,31382,6883,CZ020,Středočeský kraj,CZ,ČR,31.86540054808489,4,True,0,14.52854859799506,2,True,2,3.1645569620253164,3,False,0,0.625,0,11
neděle,2020-08-02,2120,Příbram,5,1,1,8,1,1,0,0,113,2120,Příbram,69951,14592,CZ020,Středočeský kraj,CZ,ČR,7.147860645308859,0,True,0,6.853070175438596,0,True,2,4.424778761061947,3,True,2,0.0,0,7
neděle,2020-08-02,2121,Rakovník,5,0,0,5,0,0,0,0,85,2121,Rakovník,55562,11623,CZ020,Středočeský kraj,CZ,ČR,8.998956121089954,0,True,0,0.0,0,False,0,5.88235294117647,3,True,2,5.0,30,35
neděle,2020-08-02,2122,Říčany,14,0,0,24,0,1,1,2,397,2122,Říčany,71896,11376,CZ020,Středočeský kraj,CZ,ČR,40.33604094803605,4,True,0,8.79043600562588,0,True,2,3.5264483627204033,3,False,0,1.1666666666666667,10,19
neděle,2020-08-02,2123,Sedlčany,0,0,0,0,0,0,0,0,37,2123,Sedlčany,22074,4717,CZ020,Středočeský kraj,CZ,ČR,0.0,0,False,0,0.0,0,False,0,0.0,0,False,0,,30,30
neděle,2020-08-02,2124,Slaný,5,0,0,6,0,0,0,0,69,2124,Slaný,40526,7771,CZ020,Středočeský kraj,CZ,ČR,14.805310171248088,2,True,0,0.0,0,False,0,7.246376811594203,7,True,2,1.25,15,26
neděle,2020-08-02,2125,Vlašim,1,0,0,1,0,0,0,0,63,2125,Vlašim,25947,5665,CZ020,Středočeský kraj,CZ,ČR,3.854010097506455,0,True,0,0.0,0,False,0,1.5873015873015872,0,True,2,0.0,0,2
neděle,2020-08-02,2126,Votice,1,0,0,1,0,0,1,1,42,2126,Votice,12445,2654,CZ020,Středočeský kraj,CZ,ČR,8.035355564483728,0,True,0,0.0,0,False,0,2.380952380952381,0,True,2,0.0,0,2
neděle,2020-08-02,3101,Blatná,0,0,0,0,0,0,0,0,14,3101,Blatná,13668,3093,CZ031,Jihočeský kraj,CZ,ČR,0.0,0,False,0,0.0,0,False,0,0.0,0,False,0,,30,30
neděle,2020-08-02,3102,České Budějovice,10,0,0,19,1,0,1,1,287,3102,České Budějovice,162553,31763,CZ031,Jihočeský kraj,CZ,ČR,11.073311473796238,2,True,0,0.0,0,False,0,3.484320557491289,3,False,0,1.25,15,20
neděle,2020-08-02,3103,Český Krumlov,1,0,0,2,0,0,0,0,28,3103,Český Krumlov,41687,7954,CZ031,Jihočeský kraj,CZ,ČR,4.797658742533644,0,True,0,0.0,0,False,0,3.571428571428571,3,True,2,1.0,10,15
neděle,2020-08-02,3104,Dačice,2,0,0,4,1,0,0,0,37,3104,Dačice,18783,3961,CZ031,Jihočeský kraj,CZ,ČR,31.943778949049673,4,True,0,25.246149962130776,4,True,2,5.405405405405405,3,False,0,0.0,0,13
neděle,2020-08-02,3105,Jindřichův Hradec,2,0,0,3,0,0,0,0,80,3105,Jindřichův Hradec,47113,10139,CZ031,Jihočeský kraj,CZ,ČR,8.490225627746058,0,True,0,0.0,0,False,0,2.5,0,False,0,2.0,30,30
neděle,2020-08-02,3106,Kaplice,1,0,0,1,0,0,0,0,24,3106,Kaplice,19869,3447,CZ031,Jihočeský kraj,CZ,ČR,5.032965926820676,0,True,0,0.0,0,False,0,4.166666666666666,3,True,2,0.0,0,5
neděle,2020-08-02,3107,Milevsko,1,0,0,3,0,0,0,0,30,3107,Milevsko,18235,4397,CZ031,Jihočeský kraj,CZ,ČR,16.451878256100905,2,True,0,0.0,0,False,0,3.3333333333333335,3,False,0,0.5,0,5
neděle,2020-08-02,3108,Písek,1,0,0,6,0,0,0,0,102,3108,Písek,53352,11354,CZ031,Jihočeský kraj,CZ,ČR,7.497375918428549,0,False,0,0.0,0,False,0,0.9803921568627451,0,False,0,0.5,0,0
neděle,2020-08-02,3109,Prachatice,24,0,0,46,0,0,2,0,184,3109,Prachatice,33458,6497,CZ031,Jihočeský kraj,CZ,ČR,137.4858030964194,10,True,0,0.0,0,False,0,13.043478260869565,11,False,0,0.96,5,26
neděle,2020-08-02,3110,Soběslav,4,0,0,4,0,0,0,0,51,3110,Soběslav,21947,4860,CZ031,Jihočeský kraj,CZ,ČR,18.225725611700916,2,True,0,0.0,0,False,0,7.8431372549019605,7,True,2,0.0,0,11
neděle,2020-08-02,3111,Strakonice,4,0,0,4,0,0,0,0,61,3111,Strakonice,45223,9454,CZ031,Jihočeský kraj,CZ,ČR,8.84505671892621,0,True,0,0.0,0,False,0,6.557377049180328,3,True,2,4.0,30,35
neděle,2020-08-02,3112,Tábor,24,3,1,27,3,1,0,0,356,3112,Tábor,80648,17257,CZ031,Jihočeský kraj,CZ,ČR,33.478821545481594,4,True,0,17.384249869618124,2,True,2,6.741573033707865,3,True,2,4.8,30,43
neděle,2020-08-02,3113,Trhové Sviny,1,0,0,1,0,0,0,0,12,3113,Trhové Sviny,19267,3657,CZ031,Jihočeský kraj,CZ,ČR,5.190221622463279,0,True,0,0.0,0,False,0,8.333333333333332,7,True,2,0.0,0,9
neděle,2020-08-02,3114,Třeboň,2,0,0,6,2,2,1,1,34,3114,Třeboň,24796,5563,CZ031,Jihočeský kraj,CZ,ČR,24.197451201806743,2,False,0,35.95182455509617,4,True,2,5.88235294117647,3,False,0,2.0,30,41
neděle,2020-08-02,3115,Týn nad Vltavou,2,0,0,2,0,0,0,0,21,3115,Týn nad Vltavou,14083,2594,CZ031,Jihočeský kraj,CZ,ČR,14.201519562593198,2,True,0,0.0,0,False,0,9.523809523809524,7,True,2,2.0,30,41
neděle,2020-08-02,3116,Vimperk,1,0,0,2,0,0,0,0,38,3116,Vimperk,17520,3591,CZ031,Jihočeský kraj,CZ,ČR,11.415525114155251,2,True,0,0.0,0,False,0,2.631578947368421,0,False,0,1.0,10,12
neděle,2020-08-02,3117,Vodňany,5,0,0,7,0,0,0,0,22,3117,Vodňany,11881,2251,CZ031,Jihočeský kraj,CZ,ČR,58.9175995286592,7,True,0,0.0,0,False,0,22.727272727272727,20,True,2,1.0,10,39
neděle,2020-08-02,3201,Blovice,0,0,0,0,0,0,0,0,16,3201,Blovice,12185,2566,CZ032,Plzeňský kraj,CZ,ČR,0.0,0,False,0,0.0,0,False,0,0.0,0,False,0,,30,30
neděle,2020-08-02,3202,Domažlice,0,0,0,-3,-2,-2,0,0,39,3202,Domažlice,40679,8358,CZ032,Plzeňský kraj,CZ,ČR,0.0,0,False,0,0.0,0,False,0,0.0,0,False,0,,30,30
neděle,2020-08-02,3203,Horažďovice,0,0,0,0,0,0,0,0,11,3203,Horažďovice,11535,2662,CZ032,Plzeňský kraj,CZ,ČR,0.0,0,False,0,0.0,0,False,0,0.0,0,False,0,,30,30
neděle,2020-08-02,3204,Horšovský Týn,0,0,0,0,0,0,0,0,12,3204,Horšovský Týn,14825,2829,CZ032,Plzeňský kraj,CZ,ČR,0.0,0,False,0,0.0,0,False,0,0.0,0,False,0,,30,30
neděle,2020-08-02,3205,Klatovy,3,1,0,7,1,0,1,1,104,3205,Klatovy,50720,10750,CZ032,Plzeňský kraj,CZ,ČR,15.77287066246057,2,True,0,9.302325581395348,0,True,2,2.8846153846153846,0,False,0,0.5,0,4
neděle,2020-08-02,3206,Kralovice,0,0,0,0,0,0,0,0,28,3206,Kralovice,22367,4828,CZ032,Plzeňský kraj,CZ,ČR,0.0,0,False,0,0.0,0,False,0,0.0,0,False,0,,30,30
neděle,2020-08-02,3207,Nepomuk,0,0,0,0,0,0,0,0,21,3207,Nepomuk,11583,2650,CZ032,Plzeňský kraj,CZ,ČR,0.0,0,False,0,0.0,0,False,0,0.0,0,False,0,,30,30
neděle,2020-08-02,3208,Nýřany,3,1,0,4,1,0,0,0,83,3208,Nýřany,57612,10436,CZ032,Plzeňský kraj,CZ,ČR,5.207248489897938,0,False,0,9.582215408202376,0,True,2,3.614457831325301,3,True,2,3.0,30,37
neděle,2020-08-02,3209,Plzeň,15,0,0,24,0,0,1,1,351,3209,Plzeň,194280,40386,CZ032,Plzeňský kraj,CZ,ČR,12.868025530162651,2,True,0,0.0,0,False,0,4.273504273504273,3,True,2,1.1538461538461537,10,17
neděle,2020-08-02,3210,Přeštice,1,0,0,2,1,0,0,0,41,3210,Přeštice,22885,4449,CZ032,Plzeňský kraj,CZ,ČR,8.739348918505572,0,True,0,22.47696111485727,2,True,2,2.4390243902439024,0,False,0,1.0,10,14
neděle,2020-08-02,3211,Rokycany,5,0,0,7,0,0,0,0,151,3211,Rokycany,49349,10085,CZ032,Plzeňský kraj,CZ,ČR,14.184684593406148,2,True,0,0.0,0,False,0,3.3112582781456954,3,True,2,1.6666666666666667,25,32
neděle,2020-08-02,3212,Stod,0,0,0,0,0,0,0,0,29,3212,Stod,23393,4517,CZ032,Plzeňský kraj,CZ,ČR,0.0,0,False,0,0.0,0,False,0,0.0,0,False,0,,30,30
neděle,2020-08-02,3213,Stříbro,0,0,0,0,0,0,0,0,15,3213,Stříbro,17190,3184,CZ032,Plzeňský kraj,CZ,ČR,0.0,0,False,0,0.0,0,False,0,0.0,0,False,0,,30,30
neděle,2020-08-02,3214,Sušice,0,0,0,1,0,0,0,0,24,3214,Sušice,24150,5546,CZ032,Plzeňský kraj,CZ,ČR,4.140786749482402,0,False,0,0.0,0,False,0,0.0,0,False,0,0.0,0,0
neděle,2020-08-02,3215,Tachov,2,0,0,4,0,0,0,0,38,3215,Tachov,37146,6444,CZ032,Plzeňský kraj,CZ,ČR,10.768319603725839,2,True,0,0.0,0,False,0,5.263157894736842,3,False,0,2.0,30,35
neděle,2020-08-02,4101,Aš,0,0,0,0,0,0,0,0,44,4101,Aš,17695,3278,CZ041,Karlovarský kraj,CZ,ČR,0.0,0,False,0,0.0,0,False,0,0.0,0,False,0,,30,30
neděle,2020-08-02,4102,Cheb,4,1,0,4,1,0,0,0,102,4102,Cheb,49955,9806,CZ041,Karlovarský kraj,CZ,ČR,8.007206485837253,0,True,0,10.197838058331634,2,True,2,3.9215686274509802,3,True,2,0.0,0,9
neděle,2020-08-02,4103,Karlovy Vary,6,0,0,8,-1,-1,0,0,138,4103,Karlovy Vary,87182,19250,CZ041,Karlovarský kraj,CZ,ČR,10.32323185978757,2,True,0,0.0,0,False,0,4.3478260869565215,3,True,2,6.0,30,37
neděle,2020-08-02,4104,Kraslice,0,0,0,0,0,0,0,0,8,4104,Kraslice,13184,2750,CZ041,Karlovarský kraj,CZ,ČR,0.0,0,False,0,0.0,0,False,0,0.0,0,False,0,,30,30
neděle,2020-08-02,4105,Mariánské Lázně,1,0,0,1,0,0,0,0,60,4105,Mariánské Lázně,23984,5419,CZ041,Karlovarský kraj,CZ,ČR,4.169446297531687,0,True,0,0.0,0,False,0,1.6666666666666667,0,True,2,0.0,0,2
neděle,2020-08-02,4106,Ostrov,0,0,0,0,0,0,0,0,33,4106,Ostrov,27636,5453,CZ041,Karlovarský kraj,CZ,ČR,0.0,0,False,0,0.0,0,False,0,0.0,0,False,0,,30,30
neděle,2020-08-02,4107,Sokolov,2,0,0,4,0,0,0,0,82,4107,Sokolov,75028,14222,CZ041,Karlovarský kraj,CZ,ČR,3.998507223969718,0,True,0,0.0,0,False,0,2.4390243902439024,0,True,2,2.0,30,32
neděle,2020-08-02,4201,Bílina,0,0,0,0,0,0,0,0,29,4201,Bílina,22600,3935,CZ042,Ústecký kraj,CZ,ČR,0.0,0,False,0,0.0,0,False,0,0.0,0,False,0,,30,30
neděle,2020-08-02,4202,Děčín,3,0,0,8,0,0,0,0,107,4202,Děčín,76842,16362,CZ042,Ústecký kraj,CZ,ČR,10.410973165716666,2,True,0,0.0,0,False,0,2.803738317757009,0,False,0,1.0,10,12
neděle,2020-08-02,4203,Chomutov,0,0,0,3,0,0,0,0,138,4203,Chomutov,81662,14681,CZ042,Ústecký kraj,CZ,ČR,2.449119541524822,0,False,0,0.0,0,False,0,0.0,0,False,0,0.0,0,0
neděle,2020-08-02,4204,Kadaň,3,0,0,3,0,0,0,0,63,4204,Kadaň,43284,8078,CZ042,Ústecký kraj,CZ,ČR,6.930967563071805,0,True,0,0.0,0,False,0,4.761904761904762,3,True,2,1.5,20,25
neděle,2020-08-02,4205,Litoměřice,8,0,0,15,-2,-1,0,0,189,4205,Litoměřice,59110,11658,CZ042,Ústecký kraj,CZ,ČR,28.759939096599563,4,True,0,0.0,0,False,0,4.232804232804233,3,False,0,0.8,5,12
neděle,2020-08-02,4206,Litvínov,4,0,0,7,0,0,0,0,80,4206,Litvínov,37035,7785,CZ042,Ústecký kraj,CZ,ČR,18.901039557175647,2,True,0,0.0,0,False,0,5.0,3,False,0,1.3333333333333333,15,20
neděle,2020-08-02,4207,Louny,0,0,0,0,0,0,0,0,48,4207,Louny,43640,8545,CZ042,Ústecký kraj,CZ,ČR,0.0,0,False,0,0.0,0,False,0,0.0,0,False,0,,30,30
neděle,2020-08-02,4208,Lovosice,3,0,0,4,0,0,0,0,47,4208,Lovosice,27750,5804,CZ042,Ústecký kraj,CZ,ČR,14.414414414414415,2,True,0,0.0,0,False,0,6.382978723404255,3,True,2,1.5,20,27
neděle,2020-08-02,4209,Most,4,1,0,8,1,0,1,1,123,4209,Most,74673,13629,CZ042,Ústecký kraj,CZ,ČR,10.71337699034457,2,True,0,7.337295472888694,0,True,2,3.2520325203252036,3,False,0,0.5714285714285714,0,7
neděle,2020-08-02,4210,Podbořany,3,0,0,4,0,0,2,2,40,4210,Podbořany,15678,3106,CZ042,Ústecký kraj,CZ,ČR,25.513458349279244,4,True,0,0.0,0,False,0,7.5,7,False,0,1.5,20,31
neděle,2020-08-02,4211,Roudnice nad Labem,1,0,0,3,0,0,0,0,78,4211,Roudnice nad Labem,32808,6650,CZ042,Ústecký kraj,CZ,ČR,9.1441111923921,0,False,0,0.0,0,False,0,1.282051282051282,0,False,0,0.3333333333333333,0,0
neděle,2020-08-02,4212,Rumburk,0,0,0,2,0,0,0,0,51,4212,Rumburk,32795,6681,CZ042,Ústecký kraj,CZ,ČR,3.049245311785333,0,False,0,0.0,0,False,0,0.0,0,False,0,0.0,0,0
neděle,2020-08-02,4213,Teplice,5,0,0,9,3,0,0,0,237,4213,Teplice,106472,21215,CZ042,Ústecký kraj,CZ,ČR,10.33135472236832,2,True,0,14.140938015555033,2,True,2,2.109704641350211,0,False,0,0.7142857142857143,0,6
neděle,2020-08-02,4214,Ústí nad Labem,8,2,1,15,3,2,1,1,241,4214,Ústí nad Labem,119338,23971,CZ042,Ústecký kraj,CZ,ČR,12.569340863765104,2,True,0,12.515122439614535,2,True,2,3.319502074688797,3,False,0,0.6153846153846154,0,9
neděle,2020-08-02,4215,Varnsdorf,0,0,0,0,0,0,0,0,21,4215,Varnsdorf,19905,4211,CZ042,Ústecký kraj,CZ,ČR,0.0,0,False,0,0.0,0,False,0,0.0,0,False,0,,30,30
neděle,2020-08-02,4216,Žatec,0,0,0,0,0,0,0,0,29,4216,Žatec,27373,5216,CZ042,Ústecký kraj,CZ,ČR,0.0,0,False,0,0.0,0,False,0,0.0,0,False,0,,30,30
neděle,2020-08-02,5101,Česká Lípa,11,1,0,15,1,0,1,1,221,5101,Česká Lípa,76998,14036,CZ051,Liberecký kraj,CZ,ČR,15.584820384945063,2,True,0,7.124536905101169,0,True,2,4.97737556561086,3,True,2,3.6666666666666665,30,39
neděle,2020-08-02,5102,Frýdlant,1,0,0,3,1,0,0,0,41,5102,Frýdlant,24479,4944,CZ051,Liberecký kraj,CZ,ČR,4.08513419665836,0,False,0,0.0,0,False,0,2.4390243902439024,0,True,2,0.0,0,2
neděle,2020-08-02,5103,Jablonec nad Nisou,4,0,0,32,2,0,0,0,281,5103,Jablonec nad Nisou,56206,11517,CZ051,Liberecký kraj,CZ,ČR,40.92089812475536,4,False,0,26.048450117218025,4,True,2,1.4234875444839856,0,False,0,0.2857142857142857,0,10
neděle,2020-08-02,5104,Jilemnice,0,0,0,0,0,0,0,0,14,5104,Jilemnice,22137,4768,CZ051,Liberecký kraj,CZ,ČR,0.0,0,False,0,0.0,0,False,0,0.0,0,False,0,,30,30
neděle,2020-08-02,5105,Liberec,19,0,0,31,2,1,0,0,318,5105,Liberec,145676,28910,CZ051,Liberecký kraj,CZ,ČR,13.729097449133695,2,True,0,0.0,0,False,0,5.9748427672955975,3,True,2,1.4615384615384615,20,27
neděle,2020-08-02,5106,Nový Bor,2,0,0,3,0,0,0,0,26,5106,Nový Bor,26302,5736,CZ051,Liberecký kraj,CZ,ČR,11.405976731807467,2,True,0,0.0,0,False,0,7.6923076923076925,7,True,2,0.0,0,11
neděle,2020-08-02,5107,Semily,0,0,0,2,0,0,0,0,28,5107,Semily,25675,5599,CZ051,Liberecký kraj,CZ,ČR,3.8948393378773125,0,False,0,0.0,0,False,0,0.0,0,False,0,,30,30
neděle,2020-08-02,5108,Tanvald,1,0,0,5,2,1,0,0,59,5108,Tanvald,20412,4465,CZ051,Liberecký kraj,CZ,ČR,14.697236919459142,2,False,0,0.0,0,False,0,1.694915254237288,0,False,0,0.0,0,2
neděle,2020-08-02,5109,Turnov,17,0,0,23,1,0,0,0,237,5109,Turnov,33623,7134,CZ051,Liberecký kraj,CZ,ČR,65.43140112423045,7,True,0,0.0,0,False,0,7.172995780590717,7,True,2,1.3076923076923077,15,31
neděle,2020-08-02,5110,Železný Brod,2,0,0,2,0,0,0,0,30,5110,Železný Brod,12182,2797,CZ051,Liberecký kraj,CZ,ČR,16.417665407978983,2,True,0,0.0,0,False,0,6.666666666666667,3,True,2,0.0,0,7
neděle,2020-08-02,5201,Broumov,0,0,0,0,0,0,0,0,8,5201,Broumov,15876,3561,CZ052,Královéhradecký kraj,CZ,ČR,0.0,0,False,0,0.0,0,False,0,0.0,0,False,0,,30,30
neděle,2020-08-02,5202,Dobruška,1,0,0,1,0,0,0,0,40,5202,Dobruška,20190,4276,CZ052,Královéhradecký kraj,CZ,ČR,4.952947003467063,0,False,0,0.0,0,False,0,2.5,0,True,2,0.0,0,2
neděle,2020-08-02,5203,Dvůr Králové nad Labem,0,0,0,0,0,0,0,0,61,5203,Dvůr Králové nad Labem,26949,6223,CZ052,Královéhradecký kraj,CZ,ČR,0.0,0,False,0,0.0,0,False,0,0.0,0,False,0,,30,30
neděle,2020-08-02,5204,Hořice,0,0,0,0,0,0,0,0,24,5204,Hořice,18377,4041,CZ052,Královéhradecký kraj,CZ,ČR,0.0,0,False,0,0.0,0,False,0,0.0,0,False,0,,30,30
neděle,2020-08-02,5205,Hradec Králové,16,1,0,27,1,0,0,0,610,5205,Hradec Králové,146899,32484,CZ052,Královéhradecký kraj,CZ,ČR,17.699235529173105,2,True,0,3.078438615933998,0,True,2,2.622950819672131,0,False,0,1.0,10,14
neděle,2020-08-02,5206,Jaroměř,1,0,0,2,1,0,0,0,135,5206,Jaroměř,19273,3792,CZ052,Královéhradecký kraj,CZ,ČR,5.188605821615732,0,True,0,0.0,0,False,0,0.7407407407407408,0,True,2,1.0,10,12
neděle,2020-08-02,5207,Jičín,2,1,1,8,3,3,0,0,55,5207,Jičín,48382,10108,CZ052,Královéhradecký kraj,CZ,ČR,8.26753751395147,0,False,0,19.786307874950534,2,True,2,3.6363636363636362,3,True,2,1.0,10,19
neděle,2020-08-02,5208,Kostelec nad Orlicí,9,0,0,11,0,0,0,0,108,5208,Kostelec nad Orlicí,24892,5311,CZ052,Královéhradecký kraj,CZ,ČR,44.19090470834003,4,True,0,0.0,0,False,0,8.333333333333332,7,False,0,3.0,30,41
neděle,2020-08-02,5209,Náchod,4,0,0,7,2,0,0,0,143,5209,Náchod,60595,13494,CZ052,Královéhradecký kraj,CZ,ČR,11.552108259757405,2,True,0,14.821402104639098,2,True,2,2.797202797202797,0,False,0,0.8,5,11
neděle,2020-08-02,5210,Nová Paka,0,0,0,1,0,0,0,0,25,5210,Nová Paka,13286,2887,CZ052,Královéhradecký kraj,CZ,ČR,7.526719855486979,0,False,0,0.0,0,False,0,0.0,0,False,0,0.0,0,0
neděle,2020-08-02,5211,Nové Město nad Metují,3,0,0,3,0,0,0,0,54,5211,Nové Město nad Metují,14214,3321,CZ052,Královéhradecký kraj,CZ,ČR,21.105951878429718,2,True,0,0.0,0,False,0,5.555555555555555,3,True,2,3.0,30,37
neděle,2020-08-02,5212,Nový Bydžov,2,0,0,2,0,0,0,0,37,5212,Nový Bydžov,17384,3627,CZ052,Královéhradecký kraj,CZ,ČR,11.50483202945237,2,True,0,0.0,0,False,0,5.405405405405405,3,True,2,2.0,30,37
neděle,2020-08-02,5213,Rychnov nad Kněžnou,1,0,0,1,0,0,0,0,40,5213,Rychnov nad Kněžnou,34301,6810,CZ052,Královéhradecký kraj,CZ,ČR,2.9153668989242294,0,True,0,0.0,0,False,0,2.5,0,True,2,0.0,0,2
neděle,2020-08-02,5214,Trutnov,2,0,0,3,0,0,0,0,199,5214,Trutnov,63419,13537,CZ052,Královéhradecký kraj,CZ,ČR,4.730443557924281,0,True,0,0.0,0,False,0,1.0050251256281406,0,False,0,0.0,0,0
neděle,2020-08-02,5215,Vrchlabí,1,1,1,2,1,1,1,1,39,5215,Vrchlabí,27610,5935,CZ052,Královéhradecký kraj,CZ,ČR,7.243752263672582,0,True,0,16.849199663016005,2,True,2,2.564102564102564,0,False,0,0.0,0,4
neděle,2020-08-02,5301,Česká Třebová,1,0,0,1,0,0,0,0,25,5301,Česká Třebová,17969,3841,CZ053,Pardubický kraj,CZ,ČR,5.565139963270076,0,True,0,0.0,0,False,0,4.0,3,True,2,1.0,10,15
neděle,2020-08-02,5302,Hlinsko,0,0,0,0,0,0,0,0,37,5302,Hlinsko,21017,4465,CZ053,Pardubický kraj,CZ,ČR,0.0,0,False,0,0.0,0,False,0,0.0,0,False,0,,30,30
neděle,2020-08-02,5303,Holice,1,0,0,5,2,1,0,0,64,5303,Holice,17910,3461,CZ053,Pardubický kraj,CZ,ČR,11.166945840312675,2,False,0,0.0,0,False,0,1.5625,0,False,0,1.0,10,12
neděle,2020-08-02,5304,Chrudim,9,1,1,14,5,1,1,1,242,5304,Chrudim,83596,17211,CZ053,Pardubický kraj,CZ,ČR,14.354753815972057,2,True,0,17.43071291615827,2,True,2,3.71900826446281,3,True,2,1.5,20,31
neděle,2020-08-02,5305,Králíky,2,0,0,2,0,0,0,0,18,5305,Králíky,8676,1838,CZ053,Pardubický kraj,CZ,ČR,23.05209774089442,2,True,0,0.0,0,False,0,11.11111111111111,11,True,2,1.0,10,25
neděle,2020-08-02,5306,Lanškroun,3,0,0,12,0,0,0,0,89,5306,Lanškroun,23140,4468,CZ053,Pardubický kraj,CZ,ČR,56.17977528089888,7,True,0,0.0,0,False,0,3.3707865168539324,3,False,0,0.3,0,10
neděle,2020-08-02,5307,Litomyšl,18,0,0,24,1,0,1,1,188,5307,Litomyšl,27205,5327,CZ053,Pardubický kraj,CZ,ČR,88.21907737548244,7,True,0,18.772292096865026,2,True,2,9.574468085106384,7,True,2,1.6363636363636365,25,45
neděle,2020-08-02,5308,Moravská Třebová,0,0,0,0,0,0,0,0,31,5308,Moravská Třebová,26138,5476,CZ053,Pardubický kraj,CZ,ČR,0.0,0,False,0,0.0,0,False,0,0.0,0,False,0,,30,30
neděle,2020-08-02,5309,Pardubice,7,0,0,11,0,0,0,0,374,5309,Pardubice,131691,26335,CZ053,Pardubický kraj,CZ,ČR,8.352886681701863,0,True,0,0.0,0,False,0,1.8716577540106951,0,True,2,1.75,25,27
neděle,2020-08-02,5310,Polička,0,0,0,0,0,0,0,0,46,5310,Polička,19611,3995,CZ053,Pardubický kraj,CZ,ČR,0.0,0,False,0,0.0,0,False,0,0.0,0,False,0,,30,30
neděle,2020-08-02,5311,Přelouč,0,0,0,0,0,0,0,0,45,5311,Přelouč,25840,5172,CZ053,Pardubický kraj,CZ,ČR,0.0,0,False,0,0.0,0,False,0,0.0,0,False,0,,30,30
neděle,2020-08-02,5312,Svitavy,2,0,0,4,1,1,1,0,84,5312,Svitavy,31379,6533,CZ053,Pardubický kraj,CZ,ČR,12.74737882023009,2,True,0,15.306903413439462,2,True,2,2.380952380952381,0,False,0,0.5,0,6
neděle,2020-08-02,5313,Ústí nad Orlicí,1,0,0,3,0,0,0,0,52,5313,Ústí nad Orlicí,26573,5651,CZ053,Pardubický kraj,CZ,ČR,11.289654912881497,2,True,0,0.0,0,False,0,1.9230769230769231,0,False,0,0.5,0,2
neděle,2020-08-02,5314,Vysoké Mýto,12,1,1,19,1,1,0,0,155,5314,Vysoké Mýto,32454,6661,CZ053,Pardubický kraj,CZ,ČR,58.544401306464536,7,True,0,15.012760846719713,2,True,2,7.741935483870968,7,True,2,0.9230769230769231,5,25
neděle,2020-08-02,5315,Žamberk,1,0,0,1,0,0,0,0,40,5315,Žamberk,29463,5651,CZ053,Pardubický kraj,CZ,ČR,3.3940874995757393,0,True,0,0.0,0,False,0,2.5,0,True,2,0.0,0,2
neděle,2020-08-02,6101,Bystřice nad Pernštejnem,4,0,0,5,0,0,0,0,22,6101,Bystřice nad Pernštejnem,19755,4235,CZ063,Kraj Vysočina,CZ,ČR,25.31004808909137,4,True,0,0.0,0,False,0,18.181818181818183,15,True,2,4.0,30,51
neděle,2020-08-02,6102,Havlíčkův Brod,9,4,4,16,4,0,1,1,115,6102,Havlíčkův Brod,52932,10770,CZ063,Kraj Vysočina,CZ,ČR,37.784327061135045,4,True,0,83.56545961002786,7,True,2,7.82608695652174,7,False,0,0.5625,0,20
neděle,2020-08-02,6103,Humpolec,2,0,0,3,0,0,0,0,26,6103,Humpolec,17852,3773,CZ063,Kraj Vysočina,CZ,ČR,16.80483979386063,2,True,0,0.0,0,False,0,7.6923076923076925,7,True,2,1.0,10,21
neděle,2020-08-02,6104,Chotěboř,1,0,0,2,0,0,1,0,54,6104,Chotěboř,21872,4804,CZ063,Kraj Vysočina,CZ,ČR,9.1441111923921,0,True,0,0.0,0,False,0,1.8518518518518516,0,False,0,0.5,0,0
neděle,2020-08-02,6105,Jihlava,14,3,2,82,36,34,0,0,338,6105,Jihlava,101074,19707,CZ063,Kraj Vysočina,CZ,ČR,86.07554860795061,7,True,0,202.9735626934592,10,True,2,4.142011834319527,3,False,0,0.18181818181818182,0,22
neděle,2020-08-02,6106,Moravské Budějovice,0,0,0,1,0,0,0,0,28,6106,Moravské Budějovice,23098,4818,CZ063,Kraj Vysočina,CZ,ČR,0.0,0,False,0,0.0,0,False,0,0.0,0,False,0,,30,30
neděle,2020-08-02,6107,Náměšť nad Oslavou,1,0,0,1,0,0,0,0,21,6107,Náměšť nad Oslavou,13440,2841,CZ063,Kraj Vysočina,CZ,ČR,7.440476190476192,0,True,0,0.0,0,False,0,4.761904761904762,3,True,2,0.0,0,5
neděle,2020-08-02,6108,Nové Město na Moravě,3,0,0,6,2,2,0,0,35,6108,Nové Město na Moravě,19386,4017,CZ063,Kraj Vysočina,CZ,ČR,36.10853193025895,4,True,0,74.68259895444362,7,True,2,8.571428571428571,7,False,0,0.75,0,20
neděle,2020-08-02,6109,Pacov,10,0,0,18,0,0,0,0,57,6109,Pacov,9364,2205,CZ063,Kraj Vysočina,CZ,ČR,192.22554463904314,10,True,0,0.0,0,False,0,17.543859649122805,15,False,0,0.9090909090909091,5,30
neděle,2020-08-02,6110,Pelhřimov,2,0,0,6,0,0,0,0,51,6110,Pelhřimov,45086,9648,CZ063,Kraj Vysočina,CZ,ČR,13.307900456904584,2,True,0,0.0,0,False,0,3.9215686274509802,3,False,0,0.5,0,5
neděle,2020-08-02,6111,Světlá nad Sázavou,0,0,0,0,0,0,0,0,16,6111,Světlá nad Sázavou,19690,4322,CZ063,Kraj Vysočina,CZ,ČR,0.0,0,False,0,0.0,0,False,0,0.0,0,False,0,,30,30
neděle,2020-08-02,6112,Telč,4,0,0,8,0,0,0,0,41,6112,Telč,12975,2736,CZ063,Kraj Vysočina,CZ,ČR,61.65703275529866,7,True,0,0.0,0,False,0,9.75609756097561,7,False,0,2.0,30,44
neděle,2020-08-02,6113,Třebíč,3,0,0,9,0,0,0,0,146,6113,Třebíč,74272,15148,CZ063,Kraj Vysočina,CZ,ČR,12.117621714778112,2,True,0,0.0,0,False,0,2.054794520547945,0,False,0,0.42857142857142855,0,2
neděle,2020-08-02,6114,Velké Meziříčí,0,0,0,0,0,0,0,0,43,6114,Velké Meziříčí,36390,6564,CZ063,Kraj Vysočina,CZ,ČR,2.7480076944215446,0,False,0,0.0,0,False,0,0.0,0,False,0,,30,30
neděle,2020-08-02,6115,Žďár nad Sázavou,2,0,0,4,1,1,0,1,82,6115,Žďár nad Sázavou,42627,8703,CZ063,Kraj Vysočina,CZ,ČR,11.729654913552443,2,False,0,11.49029070435482,2,True,2,2.4390243902439024,0,False,0,0.6666666666666666,0,6
neděle,2020-08-02,6201,Blansko,3,0,0,5,0,0,0,0,68,6201,Blansko,57126,11918,CZ064,Jihomoravský kraj,CZ,ČR,8.75258201169345,0,True,0,0.0,0,False,0,4.411764705882353,3,True,2,0.0,0,5
neděle,2020-08-02,6202,Boskovice,0,0,0,0,0,0,0,0,67,6202,Boskovice,52010,10490,CZ064,Jihomoravský kraj,CZ,ČR,0.0,0,False,0,0.0,0,False,0,0.0,0,False,0,,30,30
neděle,2020-08-02,6203,Brno,79,2,0,122,6,1,4,2,1019,6203,Brno,381346,79457,CZ064,Jihomoravský kraj,CZ,ČR,31.991944323527715,4,True,0,10.068338849943995,2,True,2,7.75269872423945,7,True,2,1.7954545454545454,25,42
neděle,2020-08-02,6204,Břeclav,11,4,2,21,5,3,3,2,138,6204,Břeclav,59715,12216,CZ064,Jihomoravský kraj,CZ,ČR,31.817801222473417,4,True,0,40.92992796332678,4,True,2,7.971014492753622,7,False,0,1.375,15,32
neděle,2020-08-02,6205,Bučovice,0,0,0,0,0,0,0,0,24,6205,Bučovice,16111,3177,CZ064,Jihomoravský kraj,CZ,ČR,0.0,0,False,0,0.0,0,False,0,0.0,0,False,0,,30,30
neděle,2020-08-02,6206,Hodonín,7,2,0,10,4,1,0,0,156,6206,Hodonín,60685,12248,CZ064,Jihomoravský kraj,CZ,ČR,18.126390376534562,2,True,0,40.822991508817765,4,True,2,4.487179487179487,3,True,2,1.0,10,23
neděle,2020-08-02,6207,Hustopeče,8,3,0,17,4,1,1,0,97,6207,Hustopeče,36311,6981,CZ064,Jihomoravský kraj,CZ,ČR,46.81776872022252,4,True,0,71.6229766509096,7,True,2,8.24742268041237,7,False,0,0.8888888888888888,5,25
neděle,2020-08-02,6208,Ivančice,1,0,0,1,0,0,0,0,41,6208,Ivančice,24459,4805,CZ064,Jihomoravský kraj,CZ,ČR,4.0884745901304225,0,False,0,0.0,0,False,0,2.4390243902439024,0,True,2,0.0,0,2
neděle,2020-08-02,6209,Kuřim,0,0,0,1,0,0,0,1,36,6209,Kuřim,23345,4177,CZ064,Jihomoravský kraj,CZ,ČR,4.283572499464554,0,False,0,0.0,0,False,0,0.0,0,False,0,0.0,0,0
neděle,2020-08-02,6210,Kyjov,3,2,1,6,2,1,0,0,234,6210,Kyjov,55543,11542,CZ064,Jihomoravský kraj,CZ,ČR,10.802441351745495,2,False,0,25.992029111072604,4,True,2,1.282051282051282,0,False,0,0.75,0,8
neděle,2020-08-02,6211,Mikulov,3,1,1,3,1,1,1,1,33,6211,Mikulov,20265,3954,CZ064,Jihomoravský kraj,CZ,ČR,14.803849000740191,2,True,0,25.290844714213456,4,True,2,9.090909090909092,7,True,2,0.0,0,17
neděle,2020-08-02,6212,Moravský Krumlov,0,0,0,1,0,0,0,0,33,6212,Moravský Krumlov,22452,4592,CZ064,Jihomoravský kraj,CZ,ČR,4.453946196329948,0,False,0,0.0,0,False,0,0.0,0,False,0,,30,30
neděle,2020-08-02,6213,Pohořelice,1,0,0,1,0,0,0,0,20,6213,Pohořelice,14599,2588,CZ064,Jihomoravský kraj,CZ,ČR,6.849784231796698,0,True,0,0.0,0,False,0,5.0,3,True,2,0.0,0,5
neděle,2020-08-02,6214,Rosice,1,0,0,1,0,0,0,0,31,6214,Rosice,26284,5080,CZ064,Jihomoravský kraj,CZ,ČR,3.804595951909907,0,True,0,0.0,0,False,0,3.225806451612903,3,True,2,0.0,0,5
neděle,2020-08-02,6215,Slavkov u Brna,7,2,0,13,2,0,1,0,45,6215,Slavkov u Brna,24027,4191,CZ064,Jihomoravský kraj,CZ,ČR,49.9438132101386,4,True,0,47.721307563827246,4,True,2,15.555555555555555,15,False,0,1.0,10,35
neděle,2020-08-02,6216,Šlapanice,6,1,1,7,1,1,0,0,163,6216,Šlapanice,70414,12564,CZ064,Jihomoravský kraj,CZ,ČR,11.361376998892267,2,True,0,7.959248646927731,0,True,2,3.6809815950920246,3,True,2,2.0,30,39
neděle,2020-08-02,6217,Tišnov,0,0,0,1,0,0,0,0,45,6217,Tišnov,31725,6213,CZ064,Jihomoravský kraj,CZ,ČR,3.152088258471237,0,False,0,0.0,0,False,0,0.0,0,False,0,,30,30
neděle,2020-08-02,6218,Veselí nad Moravou,0,0,0,1,1,1,0,0,97,6218,Veselí nad Moravou,37715,8138,CZ064,Jihomoravský kraj,CZ,ČR,2.651464934376243,0,False,0,12.28803145736053,2,True,2,0.0,0,False,0,0.0,0,4
neděle,2020-08-02,6219,Vyškov,1,0,0,1,0,0,0,0,70,6219,Vyškov,52142,10312,CZ064,Jihomoravský kraj,CZ,ČR,1.9178397453108817,0,True,0,0.0,0,False,0,1.4285714285714286,0,True,2,0.0,0,2
neděle,2020-08-02,6220,Znojmo,17,0,0,29,2,1,0,2,204,6220,Znojmo,91899,18089,CZ064,Jihomoravský kraj,CZ,ČR,31.556382550408603,4,True,0,11.056443142241141,2,True,2,8.333333333333332,7,True,2,1.4166666666666667,20,37
neděle,2020-08-02,6221,Židlochovice,4,0,0,5,0,0,1,0,52,6221,Židlochovice,33816,5888,CZ064,Jihomoravský kraj,CZ,ČR,14.785900165602083,2,True,0,0.0,0,False,0,7.6923076923076925,7,True,2,2.0,30,41
neděle,2020-08-02,7101,Hranice,3,0,0,3,0,0,0,0,64,7101,Hranice,34146,6800,CZ071,Olomoucký kraj,CZ,ČR,8.785802143735722,0,True,0,0.0,0,False,0,4.6875,3,True,2,3.0,30,35
neděle,2020-08-02,7102,Jeseník,0,0,0,0,0,0,0,0,58,7102,Jeseník,37968,8400,CZ071,Olomoucký kraj,CZ,ČR,0.0,0,False,0,0.0,0,False,0,0.0,0,False,0,,30,30
neděle,2020-08-02,7103,Konice,0,0,0,0,0,0,0,0,17,7103,Konice,10634,2373,CZ071,Olomoucký kraj,CZ,ČR,0.0,0,False,0,0.0,0,False,0,0.0,0,False,0,,30,30
neděle,2020-08-02,7104,Lipník nad Bečvou,1,0,0,1,0,0,0,0,26,7104,Lipník nad Bečvou,15130,2913,CZ071,Olomoucký kraj,CZ,ČR,6.609385327164574,0,True,0,0.0,0,False,0,3.8461538461538463,3,True,2,0.0,0,5
neděle,2020-08-02,7105,Litovel,0,0,0,-2,-2,0,0,0,27,7105,Litovel,23715,4914,CZ071,Olomoucký kraj,CZ,ČR,0.0,0,False,0,0.0,0,False,0,0.0,0,False,0,,30,30
neděle,2020-08-02,7106,Mohelnice,0,0,0,0,0,0,0,0,16,7106,Mohelnice,18362,3710,CZ071,Olomoucký kraj,CZ,ČR,0.0,0,False,0,0.0,0,False,0,0.0,0,False,0,,30,30
neděle,2020-08-02,7107,Olomouc,12,0,0,28,1,1,0,0,457,7107,Olomouc,165165,32742,CZ071,Olomoucký kraj,CZ,ČR,15.741833923652106,2,False,0,6.108362348054486,0,True,2,2.62582056892779,0,False,0,0.8,5,9
neděle,2020-08-02,7108,Prostějov,25,0,0,41,0,0,1,0,156,7108,Prostějov,98012,20139,CZ071,Olomoucký kraj,CZ,ČR,37.750479533118394,4,True,0,0.0,0,False,0,16.025641025641026,15,True,2,2.5,30,51
neděle,2020-08-02,7109,Přerov,6,0,0,9,1,0,0,0,137,7109,Přerov,80236,17534,CZ071,Olomoucký kraj,CZ,ČR,9.970586769031357,0,True,0,0.0,0,False,0,4.37956204379562,3,True,2,6.0,30,35
neděle,2020-08-02,7110,Šternberk,2,0,0,3,0,0,0,0,40,7110,Šternberk,24164,4837,CZ071,Olomoucký kraj,CZ,ČR,8.276775368316503,0,True,0,0.0,0,False,0,5.0,3,True,2,0.0,0,5
neděle,2020-08-02,7111,Šumperk,12,2,1,12,2,1,0,0,115,7111,Šumperk,68988,15147,CZ071,Olomoucký kraj,CZ,ČR,17.394329448599755,2,True,0,13.203934772562222,2,True,2,10.434782608695652,7,True,2,1.7142857142857142,25,40
neděle,2020-08-02,7112,Uničov,0,0,0,0,0,0,0,0,34,7112,Uničov,22428,4534,CZ071,Olomoucký kraj,CZ,ČR,0.0,0,False,0,0.0,0,False,0,0.0,0,False,0,,30,30
neděle,2020-08-02,7113,Zábřeh,1,0,0,1,0,0,0,0,26,7113,Zábřeh,33067,6892,CZ071,Olomoucký kraj,CZ,ČR,3.02416306287235,0,True,0,0.0,0,False,0,3.8461538461538463,3,True,2,0.0,0,5
neděle,2020-08-02,7201,Bystřice pod Hostýnem,0,0,0,0,0,0,0,0,25,7201,Bystřice pod Hostýnem,15242,3294,CZ072,Zlínský kraj,CZ,ČR,0.0,0,False,0,0.0,0,False,0,0.0,0,False,0,,30,30
neděle,2020-08-02,7202,Holešov,4,2,0,4,2,0,1,1,44,7202,Holešov,21540,4371,CZ072,Zlínský kraj,CZ,ČR,18.570102135561743,2,True,0,45.75611988103409,4,True,2,9.090909090909092,7,True,2,0.0,0,17
neděle,2020-08-02,7203,Kroměříž,13,7,5,16,8,6,2,2,161,7203,Kroměříž,68561,14596,CZ072,Zlínský kraj,CZ,ČR,21.878327328947943,2,True,0,47.95834475198684,4,True,2,8.074534161490684,7,True,2,3.25,30,47
neděle,2020-08-02,7204,Luhačovice,2,0,0,2,0,0,0,0,44,7204,Luhačovice,18624,3952,CZ072,Zlínský kraj,CZ,ČR,10.738831615120274,2,True,0,0.0,0,False,0,4.545454545454546,3,True,2,0.0,0,7
neděle,2020-08-02,7205,Otrokovice,0,0,0,0,0,0,0,0,59,7205,Otrokovice,34276,7438,CZ072,Zlínský kraj,CZ,ČR,0.0,0,False,0,0.0,0,False,0,0.0,0,False,0,,30,30
neděle,2020-08-02,7206,Rožnov pod Radhoštěm,0,0,0,0,0,0,0,0,96,7206,Rožnov pod Radhoštěm,35175,7559,CZ072,Zlínský kraj,CZ,ČR,0.0,0,False,0,0.0,0,False,0,0.0,0,False,0,,30,30
neděle,2020-08-02,7207,Uherské Hradiště,4,1,0,13,4,1,1,1,306,7207,Uherské Hradiště,90117,18605,CZ072,Zlínský kraj,CZ,ČR,9.987016878058524,0,False,0,16.124697661918837,2,True,2,1.3071895424836601,0,False,0,1.0,10,14
neděle,2020-08-02,7208,Uherský Brod,7,2,1,23,4,1,1,0,286,7208,Uherský Brod,52109,10911,CZ072,Zlínský kraj,CZ,ČR,36.46203151087144,4,False,0,36.66025112272019,4,True,2,2.4475524475524475,0,False,0,0.7777777777777778,0,10
neděle,2020-08-02,7209,Valašské Klobouky,5,0,0,5,0,0,0,0,67,7209,Valašské Klobouky,23102,4300,CZ072,Zlínský kraj,CZ,ČR,21.643147779413038,2,True,0,0.0,0,False,0,7.462686567164178,7,True,2,5.0,30,41
neděle,2020-08-02,7210,Valašské Meziříčí,0,0,0,2,0,0,0,0,135,7210,Valašské Meziříčí,41831,8296,CZ072,Zlínský kraj,CZ,ČR,2.390571585666133,0,False,0,0.0,0,False,0,0.0,0,False,0,0.0,0,0
neděle,2020-08-02,7211,Vizovice,1,0,0,1,0,0,0,0,38,7211,Vizovice,17153,3096,CZ072,Zlínský kraj,CZ,ČR,5.829883985308692,0,False,0,0.0,0,False,0,2.631578947368421,0,True,2,1.0,10,12
neděle,2020-08-02,7212,Vsetín,3,0,0,4,0,0,1,1,119,7212,Vsetín,65522,13208,CZ072,Zlínský kraj,CZ,ČR,4.578614816397546,0,False,0,0.0,0,False,0,2.5210084033613445,0,True,2,0.0,0,2
neděle,2020-08-02,7213,Zlín,13,0,0,20,0,0,0,0,371,7213,Zlín,99303,21713,CZ072,Zlínský kraj,CZ,ČR,22.15441628148193,2,True,0,0.0,0,False,0,3.5040431266846364,3,False,0,0.8666666666666667,5,10
neděle,2020-08-02,8101,Bílovec,3,0,0,6,1,1,0,0,174,8101,Bílovec,25622,5035,CZ080,Moravskoslezský kraj,CZ,ČR,23.417375692764033,2,False,0,0.0,0,False,0,1.7241379310344827,0,True,2,0.75,0,4
neděle,2020-08-02,8102,Bohumín,16,3,2,26,6,4,1,1,268,8102,Bohumín,33366,6681,CZ080,Moravskoslezský kraj,CZ,ČR,80.9206977162381,7,True,0,104.77473432120941,7,True,2,5.970149253731343,3,True,2,1.3333333333333333,15,36
neděle,2020-08-02,8103,Bruntál,2,2,0,1,2,0,0,0,135,8103,Bruntál,36418,7282,CZ080,Moravskoslezský kraj,CZ,ČR,5.49178977428744,0,True,0,27.464982147761603,4,True,2,1.4814814814814816,0,True,2,2.0,30,38
neděle,2020-08-02,8104,Český Těšín,7,2,1,18,2,1,1,0,178,8104,Český Těšín,25687,4960,CZ080,Moravskoslezský kraj,CZ,ČR,66.18133686300463,7,False,0,40.32258064516129,4,True,2,3.932584269662921,3,False,0,0.875,5,21
neděle,2020-08-02,8105,Frenštát pod Radhoštěm,0,0,0,2,0,0,0,0,70,8105,Frenštát pod Radhoštěm,19541,3851,CZ080,Moravskoslezský kraj,CZ,ČR,5.117445371270661,0,False,0,0.0,0,False,0,0.0,0,False,0,0.0,0,0
neděle,2020-08-02,8106,Frýdek-Místek,27,4,3,93,15,5,11,6,1010,8106,Frýdek-Místek,112433,21794,CZ080,Moravskoslezský kraj,CZ,ČR,78.26883566212767,7,False,0,68.82628246306322,7,True,2,2.6732673267326734,0,False,0,0.4576271186440678,0,16
neděle,2020-08-02,8107,Frýdlant nad Ostravicí,6,2,2,14,6,3,4,3,198,8107,Frýdlant nad Ostravicí,24950,5239,CZ080,Moravskoslezský kraj,CZ,ČR,48.096192384769545,4,False,0,114.52567283832794,7,True,2,3.0303030303030303,3,True,2,0.75,0,18
neděle,2020-08-02,8108,Havířov,13,3,2,79,24,14,13,7,907,8108,Havířov,86494,18457,CZ080,Moravskoslezský kraj,CZ,ČR,85.55506740351932,7,False,0,124.61396760036843,10,True,2,1.4332965821389196,0,False,0,0.3333333333333333,0,19
neděle,2020-08-02,8109,Hlučín,4,0,0,7,0,0,0,0,240,8109,Hlučín,40639,7899,CZ080,Moravskoslezský kraj,CZ,ČR,14.764142818474864,2,False,0,0.0,0,False,0,1.6666666666666667,0,True,2,1.0,10,14
neděle,2020-08-02,8110,Jablunkov,60,27,15,60,28,14,0,2,264,8110,Jablunkov,22664,3972,CZ080,Moravskoslezský kraj,CZ,ČR,273.56159548182137,13,True,0,730.110775427996,16,True,2,22.727272727272727,20,True,2,7.5,30,83
neděle,2020-08-02,8111,Karviná,8,3,2,65,10,6,7,4,473,8111,Karviná,63614,13403,CZ080,Moravskoslezský kraj,CZ,ČR,105.32272770144937,7,False,0,89.53219428486159,7,True,2,1.6913319238900635,0,False,0,0.24242424242424243,0,16
neděle,2020-08-02,8112,Kopřivnice,4,0,0,12,2,2,1,0,273,8112,Kopřivnice,40755,7907,CZ080,Moravskoslezský kraj,CZ,ČR,26.99055330634278,4,False,0,12.64702162640698,2,True,2,1.465201465201465,0,False,0,0.5,0,8
neděle,2020-08-02,8113,Kravaře,3,0,0,6,0,0,0,0,107,8113,Kravaře,21356,3656,CZ080,Moravskoslezský kraj,CZ,ČR,28.095148904289193,4,False,0,0.0,0,False,0,2.803738317757009,0,True,2,3.0,30,36
neděle,2020-08-02,8114,Krnov,1,1,0,2,1,0,1,1,209,8114,Krnov,39938,8666,CZ080,Moravskoslezský kraj,CZ,ČR,5.00776203114828,0,False,0,11.539349180706209,2,True,2,0.4784688995215311,0,False,0,0.5,0,4
neděle,2020-08-02,8115,Nový Jičín,0,0,0,-1,-1,0,0,0,426,8115,Nový Jičín,48731,9593,CZ080,Moravskoslezský kraj,CZ,ČR,0.0,0,False,0,0.0,0,False,0,0.0,0,False,0,,30,30
neděle,2020-08-02,8116,Odry,1,0,0,1,0,0,0,0,68,8116,Odry,16928,3338,CZ080,Moravskoslezský kraj,CZ,ČR,5.9073724007561434,0,False,0,0.0,0,False,0,1.4705882352941175,0,True,2,0.0,0,2
neděle,2020-08-02,8117,Opava,3,2,2,8,3,2,1,0,520,8117,Opava,100967,20360,CZ080,Moravskoslezský kraj,CZ,ČR,7.92338090663286,0,False,0,14.734774066797643,2,True,2,0.576923076923077,0,False,0,0.42857142857142855,0,4
neděle,2020-08-02,8118,Orlová,15,0,0,41,5,1,4,2,237,8118,Orlová,37163,6772,CZ080,Moravskoslezský kraj,CZ,ČR,94.17969485778866,7,True,0,44.30005906674542,4,True,2,6.329113924050633,3,True,2,0.9375,5,23
neděle,2020-08-02,8119,Ostrava,29,1,0,83,7,2,7,5,1872,8119,Ostrava,320145,64634,CZ080,Moravskoslezský kraj,CZ,ČR,24.363960080588484,2,False,0,13.924559829192066,2,True,2,1.5491452991452992,0,False,0,0.6444444444444445,0,6
neděle,2020-08-02,8120,Rýmařov,0,0,0,0,0,0,0,0,41,8120,Rýmařov,15241,3521,CZ080,Moravskoslezský kraj,CZ,ČR,0.0,0,False,0,0.0,0,False,0,0.0,0,False,0,,30,30
neděle,2020-08-02,8121,Třinec,12,4,1,33,6,2,2,2,406,8121,Třinec,54613,11066,CZ080,Moravskoslezský kraj,CZ,ČR,49.438778312855916,4,False,0,54.220133742996566,7,True,2,2.955665024630542,0,False,0,0.8571428571428571,5,18
neděle,2020-08-02,8122,Vítkov,0,0,0,0,0,0,0,0,60,8122,Vítkov,13274,2743,CZ080,Moravskoslezský kraj,CZ,ČR,0.0,0,False,0,0.0,0,False,0,0.0,0,False,0,,30,30
