den,datum,orp_kod,orp_nazev,incidence_7,incidence_65_7,incidence_75_7,prevalence,prevalence_65,prevalence_75,aktualni_pocet_hospitalizovanych_osob,nove_hosp_7,testy_7,code,name,population,population_65,code_region,name_region,code_cz,name_cz,value_1,score_1,value_2,score_2,value_3,score_3,value_4,score_4,value_5,score_5,value_6,score_6,value_7,score_7,score
neděle,2020-06-21,1000,Praha,104,13,7,264,42,28,22,18,3649,1000,Praha,1324277,251166,CZ010,Praha,CZ,ČR,15.93322243005051,2,True,0,9.953576519114849,0,True,2,2.850095916689504,0,True,2,0.9122807017543859,5,11
neděle,2020-06-21,2101,Benešov,0,0,0,1,0,0,0,0,68,2101,Benešov,61022,12125,CZ020,Středočeský kraj,CZ,ČR,1.6387532365376423,0,False,0,0.0,0,False,0,0.0,0,False,0,0.0,0,0
neděle,2020-06-21,2102,Beroun,6,2,1,8,3,1,1,0,78,2102,Beroun,64927,11392,CZ020,Středočeský kraj,CZ,ČR,12.321530334067491,2,True,0,26.334269662921347,4,True,2,7.6923076923076925,7,True,2,1.5,20,37
neděle,2020-06-21,2103,Brandýs n.L.- St.Boleslav,5,0,0,18,0,0,0,0,189,2103,Brandýs nad Labem-Stará Boleslav,113282,16416,CZ020,Středočeský kraj,CZ,ČR,15.889549972634663,2,True,0,0.0,0,False,0,2.6455026455026456,0,False,0,0.35714285714285715,0,2
neděle,2020-06-21,2104,Čáslav,0,0,0,0,0,0,0,0,3,2104,Čáslav,25663,5212,CZ020,Středočeský kraj,CZ,ČR,0.0,0,False,0,0.0,0,False,0,0.0,0,False,0,,30,30
neděle,2020-06-21,2105,Černošice,11,0,0,22,0,0,0,0,341,2105,Černošice,149338,23399,CZ020,Středočeský kraj,CZ,ČR,14.06206056060748,2,True,0,0.0,0,False,0,3.225806451612903,3,True,2,0.7857142857142857,0,7
neděle,2020-06-21,2106,Český Brod,0,0,0,0,0,0,0,0,10,2106,Český Brod,21537,3709,CZ020,Středočeský kraj,CZ,ČR,0.0,0,False,0,0.0,0,False,0,0.0,0,False,0,,30,30
neděle,2020-06-21,2107,Dobříš,0,0,0,0,0,0,0,0,21,2107,Dobříš,23079,4340,CZ020,Středočeský kraj,CZ,ČR,0.0,0,False,0,0.0,0,False,0,0.0,0,False,0,,30,30
neděle,2020-06-21,2108,Hořovice,0,0,0,0,0,0,0,0,30,2108,Hořovice,30131,6103,CZ020,Středočeský kraj,CZ,ČR,0.0,0,False,0,0.0,0,False,0,0.0,0,False,0,,30,30
neděle,2020-06-21,2109,Kladno,1,0,0,16,1,0,0,0,186,2109,Kladno,125957,24239,CZ020,Středočeský kraj,CZ,ČR,11.908826027930166,2,False,0,4.125582738561822,0,True,2,0.5376344086021506,0,False,0,0.07142857142857142,0,4
neděle,2020-06-21,2110,Kolín,1,0,0,4,1,0,0,1,39,2110,Kolín,83500,16849,CZ020,Středočeský kraj,CZ,ČR,1.1976047904191618,0,True,0,0.0,0,False,0,2.564102564102564,0,True,2,0.0,0,2
neděle,2020-06-21,2111,Kralupy nad Vltavou,0,0,0,1,0,0,0,0,50,2111,Kralupy nad Vltavou,32515,5889,CZ020,Středočeský kraj,CZ,ČR,0.0,0,False,0,0.0,0,False,0,0.0,0,False,0,,30,30
neděle,2020-06-21,2112,Kutná Hora,1,0,0,1,0,0,0,0,26,2112,Kutná Hora,50165,10703,CZ020,Středočeský kraj,CZ,ČR,1.9934217083624042,0,False,0,0.0,0,False,0,3.8461538461538463,3,True,2,1.0,10,15
neděle,2020-06-21,2113,Lysá nad Labem,0,0,0,0,0,0,0,0,25,2113,Lysá nad Labem,26907,3448,CZ020,Středočeský kraj,CZ,ČR,0.0,0,False,0,0.0,0,False,0,0.0,0,False,0,,30,30
neděle,2020-06-21,2114,Mělník,0,0,0,0,0,0,0,0,38,2114,Mělník,44600,8655,CZ020,Středočeský kraj,CZ,ČR,0.0,0,False,0,0.0,0,False,0,0.0,0,False,0,,30,30
neděle,2020-06-21,2115,Mladá Boleslav,0,0,0,10,1,0,0,0,109,2115,Mladá Boleslav,112464,20603,CZ020,Středočeský kraj,CZ,ČR,1.7783468487693839,0,False,0,0.0,0,False,0,0.0,0,False,0,0.0,0,0
neděle,2020-06-21,2116,Mnichovo Hradiště,0,0,0,0,0,0,0,0,9,2116,Mnichovo Hradiště,17901,3388,CZ020,Středočeský kraj,CZ,ČR,0.0,0,False,0,0.0,0,False,0,0.0,0,False,0,,30,30
neděle,2020-06-21,2117,Neratovice,1,0,0,0,0,0,0,0,46,2117,Neratovice,32187,5907,CZ020,Středočeský kraj,CZ,ČR,3.1068443781650976,0,True,0,0.0,0,False,0,2.1739130434782608,0,True,2,0.0,0,2
neděle,2020-06-21,2118,Nymburk,0,0,0,0,0,0,0,0,23,2118,Nymburk,40183,8167,CZ020,Středočeský kraj,CZ,ČR,0.0,0,False,0,0.0,0,False,0,0.0,0,False,0,,30,30
neděle,2020-06-21,2119,Poděbrady,3,1,1,10,7,5,7,1,30,2119,Poděbrady,31382,6883,CZ020,Středočeský kraj,CZ,ČR,12.746160219233955,2,True,0,14.52854859799506,2,True,2,10.0,7,True,2,0.75,0,15
neděle,2020-06-21,2120,Příbram,0,0,0,5,0,0,0,0,76,2120,Příbram,69951,14592,CZ020,Středočeský kraj,CZ,ČR,0.0,0,False,0,0.0,0,False,0,0.0,0,False,0,,30,30
neděle,2020-06-21,2121,Rakovník,1,0,0,7,0,0,0,0,54,2121,Rakovník,55562,11623,CZ020,Středočeský kraj,CZ,ČR,12.598538569525935,2,True,0,0.0,0,False,0,1.8518518518518516,0,False,0,0.2,0,2
neděle,2020-06-21,2122,Říčany,1,0,0,9,3,0,0,0,108,2122,Říčany,71896,11376,CZ020,Středočeský kraj,CZ,ČR,12.51808167352843,2,True,0,26.371308016877634,4,True,2,0.9259259259259258,0,False,0,0.1111111111111111,0,8
neděle,2020-06-21,2123,Sedlčany,0,0,0,0,0,0,0,0,15,2123,Sedlčany,22074,4717,CZ020,Středočeský kraj,CZ,ČR,0.0,0,False,0,0.0,0,False,0,0.0,0,False,0,,30,30
neděle,2020-06-21,2124,Slaný,0,0,0,2,0,0,0,0,37,2124,Slaný,40526,7771,CZ020,Středočeský kraj,CZ,ČR,4.935103390416029,0,False,0,0.0,0,False,0,0.0,0,False,0,0.0,0,0
neděle,2020-06-21,2125,Vlašim,0,0,0,0,0,0,0,0,21,2125,Vlašim,25947,5665,CZ020,Středočeský kraj,CZ,ČR,0.0,0,False,0,0.0,0,False,0,0.0,0,False,0,,30,30
neděle,2020-06-21,2126,Votice,0,0,0,0,0,0,0,0,9,2126,Votice,12445,2654,CZ020,Středočeský kraj,CZ,ČR,0.0,0,False,0,0.0,0,False,0,0.0,0,False,0,,30,30
neděle,2020-06-21,3101,Blatná,0,0,0,0,0,0,0,0,8,3101,Blatná,13668,3093,CZ031,Jihočeský kraj,CZ,ČR,0.0,0,False,0,0.0,0,False,0,0.0,0,False,0,,30,30
neděle,2020-06-21,3102,České Budějovice,0,0,0,2,1,0,0,0,190,3102,České Budějovice,162553,31763,CZ031,Jihočeský kraj,CZ,ČR,0.0,0,False,0,0.0,0,False,0,0.0,0,False,0,,30,30
neděle,2020-06-21,3103,Český Krumlov,0,0,0,0,0,0,0,0,24,3103,Český Krumlov,41687,7954,CZ031,Jihočeský kraj,CZ,ČR,0.0,0,False,0,0.0,0,False,0,0.0,0,False,0,,30,30
neděle,2020-06-21,3104,Dačice,0,0,0,0,0,0,0,0,4,3104,Dačice,18783,3961,CZ031,Jihočeský kraj,CZ,ČR,0.0,0,False,0,0.0,0,False,0,0.0,0,False,0,,30,30
neděle,2020-06-21,3105,Jindřichův Hradec,0,0,0,0,0,0,0,0,28,3105,Jindřichův Hradec,47113,10139,CZ031,Jihočeský kraj,CZ,ČR,0.0,0,False,0,0.0,0,False,0,0.0,0,False,0,,30,30
neděle,2020-06-21,3106,Kaplice,0,0,0,0,0,0,0,0,9,3106,Kaplice,19869,3447,CZ031,Jihočeský kraj,CZ,ČR,0.0,0,False,0,0.0,0,False,0,0.0,0,False,0,,30,30
neděle,2020-06-21,3107,Milevsko,0,0,0,0,0,0,0,0,16,3107,Milevsko,18235,4397,CZ031,Jihočeský kraj,CZ,ČR,0.0,0,False,0,0.0,0,False,0,0.0,0,False,0,,30,30
neděle,2020-06-21,3108,Písek,0,0,0,2,0,0,0,0,80,3108,Písek,53352,11354,CZ031,Jihočeský kraj,CZ,ČR,1.8743439796071373,0,False,0,0.0,0,False,0,0.0,0,False,0,0.0,0,0
neděle,2020-06-21,3109,Prachatice,0,0,0,1,0,0,0,0,39,3109,Prachatice,33458,6497,CZ031,Jihočeský kraj,CZ,ČR,0.0,0,False,0,0.0,0,False,0,0.0,0,False,0,,30,30
neděle,2020-06-21,3110,Soběslav,0,0,0,0,0,0,0,0,12,3110,Soběslav,21947,4860,CZ031,Jihočeský kraj,CZ,ČR,0.0,0,False,0,0.0,0,False,0,0.0,0,False,0,,30,30
neděle,2020-06-21,3111,Strakonice,0,0,0,2,0,0,0,0,38,3111,Strakonice,45223,9454,CZ031,Jihočeský kraj,CZ,ČR,4.422528359463105,0,False,0,0.0,0,False,0,0.0,0,False,0,0.0,0,0
neděle,2020-06-21,3112,Tábor,0,0,0,0,0,0,0,0,71,3112,Tábor,80648,17257,CZ031,Jihočeský kraj,CZ,ČR,0.0,0,False,0,0.0,0,False,0,0.0,0,False,0,,30,30
neděle,2020-06-21,3113,Trhové Sviny,0,0,0,0,0,0,0,0,15,3113,Trhové Sviny,19267,3657,CZ031,Jihočeský kraj,CZ,ČR,0.0,0,False,0,0.0,0,False,0,0.0,0,False,0,,30,30
neděle,2020-06-21,3114,Třeboň,0,0,0,0,0,0,0,0,6,3114,Třeboň,24796,5563,CZ031,Jihočeský kraj,CZ,ČR,0.0,0,False,0,0.0,0,False,0,0.0,0,False,0,,30,30
neděle,2020-06-21,3115,Týn nad Vltavou,0,0,0,0,0,0,0,0,12,3115,Týn nad Vltavou,14083,2594,CZ031,Jihočeský kraj,CZ,ČR,0.0,0,False,0,0.0,0,False,0,0.0,0,False,0,,30,30
neděle,2020-06-21,3116,Vimperk,0,0,0,0,0,0,0,0,22,3116,Vimperk,17520,3591,CZ031,Jihočeský kraj,CZ,ČR,0.0,0,False,0,0.0,0,False,0,0.0,0,False,0,,30,30
neděle,2020-06-21,3117,Vodňany,0,0,0,0,0,0,0,0,9,3117,Vodňany,11881,2251,CZ031,Jihočeský kraj,CZ,ČR,0.0,0,False,0,0.0,0,False,0,0.0,0,False,0,,30,30
neděle,2020-06-21,3201,Blovice,0,0,0,1,0,0,0,0,13,3201,Blovice,12185,2566,CZ032,Plzeňský kraj,CZ,ČR,0.0,0,False,0,0.0,0,False,0,0.0,0,False,0,,30,30
neděle,2020-06-21,3202,Domažlice,1,0,0,0,-1,0,0,0,25,3202,Domažlice,40679,8358,CZ032,Plzeňský kraj,CZ,ČR,2.4582708522825043,0,True,0,0.0,0,False,0,4.0,3,True,2,0.0,0,5
neděle,2020-06-21,3203,Horažďovice,0,0,0,0,0,0,0,0,8,3203,Horažďovice,11535,2662,CZ032,Plzeňský kraj,CZ,ČR,0.0,0,False,0,0.0,0,False,0,0.0,0,False,0,,30,30
neděle,2020-06-21,3204,Horšovský Týn,4,1,0,4,1,0,0,0,20,3204,Horšovský Týn,14825,2829,CZ032,Plzeňský kraj,CZ,ČR,26.981450252951095,4,True,0,35.34817956875221,4,True,2,20.0,20,True,2,4.0,30,62
neděle,2020-06-21,3205,Klatovy,0,0,0,1,0,0,0,0,35,3205,Klatovy,50720,10750,CZ032,Plzeňský kraj,CZ,ČR,0.0,0,False,0,0.0,0,False,0,0.0,0,False,0,,30,30
neděle,2020-06-21,3206,Kralovice,0,0,0,0,0,0,0,0,23,3206,Kralovice,22367,4828,CZ032,Plzeňský kraj,CZ,ČR,0.0,0,False,0,0.0,0,False,0,0.0,0,False,0,,30,30
neděle,2020-06-21,3207,Nepomuk,0,0,0,0,0,0,0,0,6,3207,Nepomuk,11583,2650,CZ032,Plzeňský kraj,CZ,ČR,0.0,0,False,0,0.0,0,False,0,0.0,0,False,0,,30,30
neděle,2020-06-21,3208,Nýřany,0,0,0,0,0,0,0,0,49,3208,Nýřany,57612,10436,CZ032,Plzeňský kraj,CZ,ČR,0.0,0,False,0,0.0,0,False,0,0.0,0,False,0,,30,30
neděle,2020-06-21,3209,Plzeň,3,0,0,6,0,0,1,1,207,3209,Plzeň,194280,40386,CZ032,Plzeňský kraj,CZ,ČR,1.544163063619518,0,True,0,0.0,0,False,0,1.4492753623188406,0,True,2,0.0,0,2
neděle,2020-06-21,3210,Přeštice,0,0,0,0,0,0,0,0,19,3210,Přeštice,22885,4449,CZ032,Plzeňský kraj,CZ,ČR,0.0,0,False,0,0.0,0,False,0,0.0,0,False,0,,30,30
neděle,2020-06-21,3211,Rokycany,0,0,0,0,0,0,0,0,58,3211,Rokycany,49349,10085,CZ032,Plzeňský kraj,CZ,ČR,0.0,0,False,0,0.0,0,False,0,0.0,0,False,0,,30,30
neděle,2020-06-21,3212,Stod,0,0,0,0,0,0,0,0,21,3212,Stod,23393,4517,CZ032,Plzeňský kraj,CZ,ČR,0.0,0,False,0,0.0,0,False,0,0.0,0,False,0,,30,30
neděle,2020-06-21,3213,Stříbro,0,0,0,0,0,0,0,0,14,3213,Stříbro,17190,3184,CZ032,Plzeňský kraj,CZ,ČR,0.0,0,False,0,0.0,0,False,0,0.0,0,False,0,,30,30
neděle,2020-06-21,3214,Sušice,0,0,0,2,0,0,0,0,16,3214,Sušice,24150,5546,CZ032,Plzeňský kraj,CZ,ČR,0.0,0,False,0,0.0,0,False,0,0.0,0,False,0,,30,30
neděle,2020-06-21,3215,Tachov,0,0,0,0,0,0,0,0,24,3215,Tachov,37146,6444,CZ032,Plzeňský kraj,CZ,ČR,0.0,0,False,0,0.0,0,False,0,0.0,0,False,0,,30,30
neděle,2020-06-21,4101,Aš,0,0,0,1,0,0,1,0,11,4101,Aš,17695,3278,CZ041,Karlovarský kraj,CZ,ČR,0.0,0,False,0,0.0,0,False,0,0.0,0,False,0,,30,30
neděle,2020-06-21,4102,Cheb,0,0,0,5,1,0,0,0,80,4102,Cheb,49955,9806,CZ041,Karlovarský kraj,CZ,ČR,2.0018016214593133,0,False,0,10.197838058331634,2,True,2,0.0,0,False,0,,30,34
neděle,2020-06-21,4103,Karlovy Vary,0,0,0,0,0,0,0,0,83,4103,Karlovy Vary,87182,19250,CZ041,Karlovarský kraj,CZ,ČR,1.147025762198619,0,False,0,0.0,0,False,0,0.0,0,False,0,0.0,0,0
neděle,2020-06-21,4104,Kraslice,0,0,0,1,0,0,0,0,14,4104,Kraslice,13184,2750,CZ041,Karlovarský kraj,CZ,ČR,7.584951456310679,0,False,0,0.0,0,False,0,0.0,0,False,0,0.0,0,0
neděle,2020-06-21,4105,Mariánské Lázně,0,0,0,0,0,0,0,0,20,4105,Mariánské Lázně,23984,5419,CZ041,Karlovarský kraj,CZ,ČR,0.0,0,False,0,0.0,0,False,0,0.0,0,False,0,,30,30
neděle,2020-06-21,4106,Ostrov,0,0,0,0,0,0,0,0,21,4106,Ostrov,27636,5453,CZ041,Karlovarský kraj,CZ,ČR,0.0,0,False,0,0.0,0,False,0,0.0,0,False,0,,30,30
neděle,2020-06-21,4107,Sokolov,1,0,0,3,0,0,0,0,41,4107,Sokolov,75028,14222,CZ041,Karlovarský kraj,CZ,ČR,1.3328357413232392,0,False,0,0.0,0,False,0,2.4390243902439024,0,True,2,0.0,0,2
neděle,2020-06-21,4201,Bílina,0,0,0,0,0,0,0,0,10,4201,Bílina,22600,3935,CZ042,Ústecký kraj,CZ,ČR,0.0,0,False,0,0.0,0,False,0,0.0,0,False,0,,30,30
neděle,2020-06-21,4202,Děčín,0,0,0,0,0,0,0,0,72,4202,Děčín,76842,16362,CZ042,Ústecký kraj,CZ,ČR,0.0,0,False,0,0.0,0,False,0,0.0,0,False,0,,30,30
neděle,2020-06-21,4203,Chomutov,0,0,0,0,0,0,0,0,61,4203,Chomutov,81662,14681,CZ042,Ústecký kraj,CZ,ČR,0.0,0,False,0,0.0,0,False,0,0.0,0,False,0,,30,30
neděle,2020-06-21,4204,Kadaň,0,0,0,0,0,0,0,0,37,4204,Kadaň,43284,8078,CZ042,Ústecký kraj,CZ,ČR,0.0,0,False,0,0.0,0,False,0,0.0,0,False,0,,30,30
neděle,2020-06-21,4205,Litoměřice,0,0,0,9,0,0,0,0,54,4205,Litoměřice,59110,11658,CZ042,Ústecký kraj,CZ,ČR,0.0,0,False,0,0.0,0,False,0,0.0,0,False,0,,30,30
neděle,2020-06-21,4206,Litvínov,0,0,0,0,0,0,0,0,24,4206,Litvínov,37035,7785,CZ042,Ústecký kraj,CZ,ČR,0.0,0,False,0,0.0,0,False,0,0.0,0,False,0,,30,30
neděle,2020-06-21,4207,Louny,1,0,0,2,0,0,0,0,35,4207,Louny,43640,8545,CZ042,Ústecký kraj,CZ,ČR,2.2914757103574703,0,True,0,0.0,0,False,0,2.857142857142857,0,True,2,0.0,0,2
neděle,2020-06-21,4208,Lovosice,1,0,0,3,1,1,0,0,30,4208,Lovosice,27750,5804,CZ042,Ústecký kraj,CZ,ČR,3.6036036036036037,0,True,0,0.0,0,False,0,3.3333333333333335,3,True,2,1.0,10,15
neděle,2020-06-21,4209,Most,0,0,0,0,0,0,0,0,45,4209,Most,74673,13629,CZ042,Ústecký kraj,CZ,ČR,1.3391721237930712,0,False,0,0.0,0,False,0,0.0,0,False,0,0.0,0,0
neděle,2020-06-21,4210,Podbořany,0,0,0,0,0,0,0,0,7,4210,Podbořany,15678,3106,CZ042,Ústecký kraj,CZ,ČR,0.0,0,False,0,0.0,0,False,0,0.0,0,False,0,,30,30
neděle,2020-06-21,4211,Roudnice nad Labem,1,0,0,1,0,0,0,0,39,4211,Roudnice nad Labem,32808,6650,CZ042,Ústecký kraj,CZ,ČR,3.0480370641306997,0,True,0,0.0,0,False,0,2.564102564102564,0,True,2,1.0,10,12
neděle,2020-06-21,4212,Rumburk,0,0,0,1,0,0,0,0,23,4212,Rumburk,32795,6681,CZ042,Ústecký kraj,CZ,ČR,0.0,0,False,0,0.0,0,False,0,0.0,0,False,0,,30,30
neděle,2020-06-21,4213,Teplice,0,0,0,1,0,0,0,0,101,4213,Teplice,106472,21215,CZ042,Ústecký kraj,CZ,ČR,0.0,0,False,0,0.0,0,False,0,0.0,0,False,0,,30,30
neděle,2020-06-21,4214,Ústí nad Labem,0,0,0,4,0,0,0,0,123,4214,Ústí nad Labem,119338,23971,CZ042,Ústecký kraj,CZ,ČR,0.0,0,False,0,0.0,0,False,0,0.0,0,False,0,,30,30
neděle,2020-06-21,4215,Varnsdorf,0,0,0,0,0,0,0,0,9,4215,Varnsdorf,19905,4211,CZ042,Ústecký kraj,CZ,ČR,0.0,0,False,0,0.0,0,False,0,0.0,0,False,0,,30,30
neděle,2020-06-21,4216,Žatec,0,0,0,1,0,0,0,0,18,4216,Žatec,27373,5216,CZ042,Ústecký kraj,CZ,ČR,0.0,0,False,0,0.0,0,False,0,0.0,0,False,0,,30,30
neděle,2020-06-21,5101,Česká Lípa,0,0,0,0,0,0,0,0,31,5101,Česká Lípa,76998,14036,CZ051,Liberecký kraj,CZ,ČR,0.0,0,False,0,0.0,0,False,0,0.0,0,False,0,,30,30
neděle,2020-06-21,5102,Frýdlant,2,0,0,2,0,0,0,0,36,5102,Frýdlant,24479,4944,CZ051,Liberecký kraj,CZ,ČR,8.17026839331672,0,True,0,0.0,0,False,0,5.555555555555555,3,True,2,0.0,0,5
neděle,2020-06-21,5103,Jablonec nad Nisou,1,0,0,1,0,0,0,0,60,5103,Jablonec nad Nisou,56206,11517,CZ051,Liberecký kraj,CZ,ČR,1.7791694836850158,0,True,0,0.0,0,False,0,1.6666666666666667,0,True,2,0.0,0,2
neděle,2020-06-21,5104,Jilemnice,0,0,0,0,0,0,0,0,14,5104,Jilemnice,22137,4768,CZ051,Liberecký kraj,CZ,ČR,0.0,0,False,0,0.0,0,False,0,0.0,0,False,0,,30,30
neděle,2020-06-21,5105,Liberec,20,3,0,20,3,0,1,1,192,5105,Liberec,145676,28910,CZ051,Liberecký kraj,CZ,ČR,13.729097449133695,2,True,0,10.377032168799724,2,True,2,10.416666666666668,7,True,2,20.0,30,45
neděle,2020-06-21,5106,Nový Bor,0,0,0,0,0,0,0,0,15,5106,Nový Bor,26302,5736,CZ051,Liberecký kraj,CZ,ČR,0.0,0,False,0,0.0,0,False,0,0.0,0,False,0,,30,30
neděle,2020-06-21,5107,Semily,3,0,0,5,1,0,0,0,14,5107,Semily,25675,5599,CZ051,Liberecký kraj,CZ,ČR,11.684518013631937,2,True,0,0.0,0,False,0,21.428571428571427,20,True,2,0.0,0,24
neděle,2020-06-21,5108,Tanvald,0,0,0,0,0,0,0,0,17,5108,Tanvald,20412,4465,CZ051,Liberecký kraj,CZ,ČR,0.0,0,False,0,0.0,0,False,0,0.0,0,False,0,,30,30
neděle,2020-06-21,5109,Turnov,1,1,1,1,1,1,0,0,24,5109,Turnov,33623,7134,CZ051,Liberecký kraj,CZ,ČR,2.974154596555929,0,True,0,14.017381553125876,2,True,2,4.166666666666666,3,True,2,0.0,0,9
neděle,2020-06-21,5110,Železný Brod,0,0,0,0,0,0,0,0,6,5110,Železný Brod,12182,2797,CZ051,Liberecký kraj,CZ,ČR,0.0,0,False,0,0.0,0,False,0,0.0,0,False,0,,30,30
neděle,2020-06-21,5201,Broumov,0,0,0,0,0,0,0,0,8,5201,Broumov,15876,3561,CZ052,Královéhradecký kraj,CZ,ČR,0.0,0,False,0,0.0,0,False,0,0.0,0,False,0,,30,30
neděle,2020-06-21,5202,Dobruška,0,0,0,0,0,0,0,0,12,5202,Dobruška,20190,4276,CZ052,Královéhradecký kraj,CZ,ČR,0.0,0,False,0,0.0,0,False,0,0.0,0,False,0,,30,30
neděle,2020-06-21,5203,Dvůr Králové nad Labem,0,0,0,0,0,0,0,0,24,5203,Dvůr Králové nad Labem,26949,6223,CZ052,Královéhradecký kraj,CZ,ČR,0.0,0,False,0,0.0,0,False,0,0.0,0,False,0,,30,30
neděle,2020-06-21,5204,Hořice,0,0,0,0,0,0,0,0,21,5204,Hořice,18377,4041,CZ052,Královéhradecký kraj,CZ,ČR,0.0,0,False,0,0.0,0,False,0,0.0,0,False,0,,30,30
neděle,2020-06-21,5205,Hradec Králové,1,0,0,5,0,0,0,0,195,5205,Hradec Králové,146899,32484,CZ052,Královéhradecký kraj,CZ,ČR,2.0422194841353583,0,False,0,0.0,0,False,0,0.5128205128205128,0,False,0,0.5,0,0
neděle,2020-06-21,5206,Jaroměř,0,0,0,2,2,1,0,0,26,5206,Jaroměř,19273,3792,CZ052,Královéhradecký kraj,CZ,ČR,0.0,0,False,0,0.0,0,False,0,0.0,0,False,0,,30,30
neděle,2020-06-21,5207,Jičín,0,0,0,3,2,1,0,0,28,5207,Jičín,48382,10108,CZ052,Královéhradecký kraj,CZ,ČR,0.0,0,False,0,0.0,0,False,0,0.0,0,False,0,,30,30
neděle,2020-06-21,5208,Kostelec nad Orlicí,0,0,0,0,0,0,0,0,11,5208,Kostelec nad Orlicí,24892,5311,CZ052,Královéhradecký kraj,CZ,ČR,0.0,0,False,0,0.0,0,False,0,0.0,0,False,0,,30,30
neděle,2020-06-21,5209,Náchod,0,0,0,0,0,0,0,0,61,5209,Náchod,60595,13494,CZ052,Královéhradecký kraj,CZ,ČR,0.0,0,False,0,0.0,0,False,0,0.0,0,False,0,,30,30
neděle,2020-06-21,5210,Nová Paka,0,0,0,0,0,0,0,0,13,5210,Nová Paka,13286,2887,CZ052,Královéhradecký kraj,CZ,ČR,0.0,0,False,0,0.0,0,False,0,0.0,0,False,0,,30,30
neděle,2020-06-21,5211,Nové Město nad Metují,0,0,0,0,0,0,0,0,12,5211,Nové Město nad Metují,14214,3321,CZ052,Královéhradecký kraj,CZ,ČR,0.0,0,False,0,0.0,0,False,0,0.0,0,False,0,,30,30
neděle,2020-06-21,5212,Nový Bydžov,0,0,0,1,0,0,0,0,20,5212,Nový Bydžov,17384,3627,CZ052,Královéhradecký kraj,CZ,ČR,0.0,0,False,0,0.0,0,False,0,0.0,0,False,0,,30,30
neděle,2020-06-21,5213,Rychnov nad Kněžnou,0,0,0,0,0,0,0,0,22,5213,Rychnov nad Kněžnou,34301,6810,CZ052,Královéhradecký kraj,CZ,ČR,0.0,0,False,0,0.0,0,False,0,0.0,0,False,0,,30,30
neděle,2020-06-21,5214,Trutnov,2,0,0,2,0,0,0,0,59,5214,Trutnov,63419,13537,CZ052,Královéhradecký kraj,CZ,ČR,4.730443557924281,0,True,0,0.0,0,False,0,3.389830508474576,3,True,2,2.0,30,35
neděle,2020-06-21,5215,Vrchlabí,0,0,0,0,0,0,0,0,20,5215,Vrchlabí,27610,5935,CZ052,Královéhradecký kraj,CZ,ČR,0.0,0,False,0,0.0,0,False,0,0.0,0,False,0,,30,30
neděle,2020-06-21,5301,Česká Třebová,0,0,0,0,0,0,0,0,19,5301,Česká Třebová,17969,3841,CZ053,Pardubický kraj,CZ,ČR,0.0,0,False,0,0.0,0,False,0,0.0,0,False,0,,30,30
neděle,2020-06-21,5302,Hlinsko,0,0,0,0,0,0,0,0,13,5302,Hlinsko,21017,4465,CZ053,Pardubický kraj,CZ,ČR,0.0,0,False,0,0.0,0,False,0,0.0,0,False,0,,30,30
neděle,2020-06-21,5303,Holice,0,0,0,0,0,0,0,0,16,5303,Holice,17910,3461,CZ053,Pardubický kraj,CZ,ČR,0.0,0,False,0,0.0,0,False,0,0.0,0,False,0,,30,30
neděle,2020-06-21,5304,Chrudim,12,2,2,14,3,2,3,3,98,5304,Chrudim,83596,17211,CZ053,Pardubický kraj,CZ,ČR,15.550983300636394,2,True,0,11.620475277438848,2,True,2,12.244897959183673,11,True,2,6.0,30,49
neděle,2020-06-21,5305,Králíky,0,0,0,0,0,0,0,0,7,5305,Králíky,8676,1838,CZ053,Pardubický kraj,CZ,ČR,0.0,0,False,0,0.0,0,False,0,0.0,0,False,0,,30,30
neděle,2020-06-21,5306,Lanškroun,0,0,0,0,0,0,0,0,25,5306,Lanškroun,23140,4468,CZ053,Pardubický kraj,CZ,ČR,0.0,0,False,0,0.0,0,False,0,0.0,0,False,0,,30,30
neděle,2020-06-21,5307,Litomyšl,0,0,0,2,1,0,0,0,26,5307,Litomyšl,27205,5327,CZ053,Pardubický kraj,CZ,ČR,7.351589781290205,0,False,0,18.772292096865026,2,True,2,0.0,0,False,0,0.0,0,4
neděle,2020-06-21,5308,Moravská Třebová,0,0,0,0,0,0,0,0,27,5308,Moravská Třebová,26138,5476,CZ053,Pardubický kraj,CZ,ČR,0.0,0,False,0,0.0,0,False,0,0.0,0,False,0,,30,30
neděle,2020-06-21,5309,Pardubice,2,0,0,3,0,0,1,0,158,5309,Pardubice,131691,26335,CZ053,Pardubický kraj,CZ,ČR,2.278060004100508,0,True,0,0.0,0,False,0,1.2658227848101267,0,True,2,2.0,30,32
neděle,2020-06-21,5310,Polička,0,0,0,0,0,0,0,0,30,5310,Polička,19611,3995,CZ053,Pardubický kraj,CZ,ČR,0.0,0,False,0,0.0,0,False,0,0.0,0,False,0,,30,30
neděle,2020-06-21,5311,Přelouč,0,0,0,0,0,0,0,0,21,5311,Přelouč,25840,5172,CZ053,Pardubický kraj,CZ,ČR,0.0,0,False,0,0.0,0,False,0,0.0,0,False,0,,30,30
neděle,2020-06-21,5312,Svitavy,0,0,0,0,0,0,0,0,23,5312,Svitavy,31379,6533,CZ053,Pardubický kraj,CZ,ČR,0.0,0,False,0,0.0,0,False,0,0.0,0,False,0,,30,30
neděle,2020-06-21,5313,Ústí nad Orlicí,0,0,0,0,0,0,0,0,21,5313,Ústí nad Orlicí,26573,5651,CZ053,Pardubický kraj,CZ,ČR,0.0,0,False,0,0.0,0,False,0,0.0,0,False,0,,30,30
neděle,2020-06-21,5314,Vysoké Mýto,0,0,0,2,1,1,1,0,43,5314,Vysoké Mýto,32454,6661,CZ053,Pardubický kraj,CZ,ČR,3.0812842792876074,0,False,0,0.0,0,False,0,0.0,0,False,0,0.0,0,0
neděle,2020-06-21,5315,Žamberk,0,0,0,0,0,0,0,0,29,5315,Žamberk,29463,5651,CZ053,Pardubický kraj,CZ,ČR,0.0,0,False,0,0.0,0,False,0,0.0,0,False,0,,30,30
neděle,2020-06-21,6101,Bystřice nad Pernštejnem,0,0,0,0,0,0,0,0,13,6101,Bystřice nad Pernštejnem,19755,4235,CZ063,Kraj Vysočina,CZ,ČR,0.0,0,False,0,0.0,0,False,0,0.0,0,False,0,,30,30
neděle,2020-06-21,6102,Havlíčkův Brod,0,0,0,-4,-4,-4,0,0,35,6102,Havlíčkův Brod,52932,10770,CZ063,Kraj Vysočina,CZ,ČR,0.0,0,False,0,0.0,0,False,0,0.0,0,False,0,,30,30
neděle,2020-06-21,6103,Humpolec,0,0,0,0,0,0,0,0,20,6103,Humpolec,17852,3773,CZ063,Kraj Vysočina,CZ,ČR,0.0,0,False,0,0.0,0,False,0,0.0,0,False,0,,30,30
neděle,2020-06-21,6104,Chotěboř,0,0,0,0,0,0,0,0,12,6104,Chotěboř,21872,4804,CZ063,Kraj Vysočina,CZ,ČR,0.0,0,False,0,0.0,0,False,0,0.0,0,False,0,,30,30
neděle,2020-06-21,6105,Jihlava,1,0,0,1,0,0,0,0,53,6105,Jihlava,101074,19707,CZ063,Kraj Vysočina,CZ,ČR,0.9893741219304667,0,True,0,0.0,0,False,0,1.8867924528301887,0,True,2,0.0,0,2
neděle,2020-06-21,6106,Moravské Budějovice,0,0,0,0,0,0,0,0,11,6106,Moravské Budějovice,23098,4818,CZ063,Kraj Vysočina,CZ,ČR,0.0,0,False,0,0.0,0,False,0,0.0,0,False,0,,30,30
neděle,2020-06-21,6107,Náměšť nad Oslavou,0,0,0,0,0,0,0,0,6,6107,Náměšť nad Oslavou,13440,2841,CZ063,Kraj Vysočina,CZ,ČR,0.0,0,False,0,0.0,0,False,0,0.0,0,False,0,,30,30
neděle,2020-06-21,6108,Nové Město na Moravě,0,0,0,0,0,0,0,0,20,6108,Nové Město na Moravě,19386,4017,CZ063,Kraj Vysočina,CZ,ČR,0.0,0,False,0,0.0,0,False,0,0.0,0,False,0,,30,30
neděle,2020-06-21,6109,Pacov,0,0,0,0,0,0,0,0,10,6109,Pacov,9364,2205,CZ063,Kraj Vysočina,CZ,ČR,0.0,0,False,0,0.0,0,False,0,0.0,0,False,0,,30,30
neděle,2020-06-21,6110,Pelhřimov,0,0,0,0,0,0,0,0,31,6110,Pelhřimov,45086,9648,CZ063,Kraj Vysočina,CZ,ČR,0.0,0,False,0,0.0,0,False,0,0.0,0,False,0,,30,30
neděle,2020-06-21,6111,Světlá nad Sázavou,0,0,0,0,0,0,0,0,19,6111,Světlá nad Sázavou,19690,4322,CZ063,Kraj Vysočina,CZ,ČR,0.0,0,False,0,0.0,0,False,0,0.0,0,False,0,,30,30
neděle,2020-06-21,6112,Telč,0,0,0,0,0,0,0,0,5,6112,Telč,12975,2736,CZ063,Kraj Vysočina,CZ,ČR,0.0,0,False,0,0.0,0,False,0,0.0,0,False,0,,30,30
neděle,2020-06-21,6113,Třebíč,0,0,0,0,0,0,0,0,54,6113,Třebíč,74272,15148,CZ063,Kraj Vysočina,CZ,ČR,0.0,0,False,0,0.0,0,False,0,0.0,0,False,0,,30,30
neděle,2020-06-21,6114,Velké Meziříčí,2,0,0,2,0,0,0,0,40,6114,Velké Meziříčí,36390,6564,CZ063,Kraj Vysočina,CZ,ČR,5.496015388843089,0,True,0,0.0,0,False,0,5.0,3,True,2,0.0,0,5
neděle,2020-06-21,6115,Žďár nad Sázavou,0,0,0,-1,0,0,0,0,25,6115,Žďár nad Sázavou,42627,8703,CZ063,Kraj Vysočina,CZ,ČR,0.0,0,False,0,0.0,0,False,0,0.0,0,False,0,,30,30
neděle,2020-06-21,6201,Blansko,0,0,0,5,0,0,0,0,57,6201,Blansko,57126,11918,CZ064,Jihomoravský kraj,CZ,ČR,3.5010328046773798,0,False,0,0.0,0,False,0,0.0,0,False,0,0.0,0,0
neděle,2020-06-21,6202,Boskovice,0,0,0,0,0,0,0,0,42,6202,Boskovice,52010,10490,CZ064,Jihomoravský kraj,CZ,ČR,0.0,0,False,0,0.0,0,False,0,0.0,0,False,0,,30,30
neděle,2020-06-21,6203,Brno,15,3,3,54,8,5,5,1,521,6203,Brno,381346,79457,CZ064,Jihomoravský kraj,CZ,ČR,6.5557262958048605,0,False,0,6.292711781214997,0,True,2,2.8790786948176583,0,True,2,1.3636363636363635,15,19
neděle,2020-06-21,6204,Břeclav,0,0,0,1,1,0,0,0,29,6204,Břeclav,59715,12216,CZ064,Jihomoravský kraj,CZ,ČR,1.674621116972285,0,False,0,8.185985592665357,0,True,2,0.0,0,False,0,,30,32
neděle,2020-06-21,6205,Bučovice,0,0,0,0,0,0,0,0,11,6205,Bučovice,16111,3177,CZ064,Jihomoravský kraj,CZ,ČR,0.0,0,False,0,0.0,0,False,0,0.0,0,False,0,,30,30
neděle,2020-06-21,6206,Hodonín,0,0,0,0,0,0,0,0,41,6206,Hodonín,60685,12248,CZ064,Jihomoravský kraj,CZ,ČR,0.0,0,False,0,0.0,0,False,0,0.0,0,False,0,,30,30
neděle,2020-06-21,6207,Hustopeče,2,1,0,2,1,0,0,0,38,6207,Hustopeče,36311,6981,CZ064,Jihomoravský kraj,CZ,ČR,5.5079727906144145,0,True,0,14.324595330181923,2,True,2,5.263157894736842,3,True,2,1.0,10,19
neděle,2020-06-21,6208,Ivančice,1,0,0,1,0,0,0,0,18,6208,Ivančice,24459,4805,CZ064,Jihomoravský kraj,CZ,ČR,4.0884745901304225,0,True,0,0.0,0,False,0,5.555555555555555,3,True,2,0.0,0,5
neděle,2020-06-21,6209,Kuřim,1,0,0,2,0,0,0,0,26,6209,Kuřim,23345,4177,CZ064,Jihomoravský kraj,CZ,ČR,4.283572499464554,0,False,0,0.0,0,False,0,3.8461538461538463,3,True,2,0.0,0,5
neděle,2020-06-21,6210,Kyjov,0,0,0,0,-1,-1,0,0,52,6210,Kyjov,55543,11542,CZ064,Jihomoravský kraj,CZ,ČR,0.0,0,False,0,0.0,0,False,0,0.0,0,False,0,,30,30
neděle,2020-06-21,6211,Mikulov,0,0,0,0,0,0,0,0,11,6211,Mikulov,20265,3954,CZ064,Jihomoravský kraj,CZ,ČR,0.0,0,False,0,0.0,0,False,0,0.0,0,False,0,,30,30
neděle,2020-06-21,6212,Moravský Krumlov,0,0,0,1,0,0,0,0,25,6212,Moravský Krumlov,22452,4592,CZ064,Jihomoravský kraj,CZ,ČR,4.453946196329948,0,False,0,0.0,0,False,0,0.0,0,False,0,0.0,0,0
neděle,2020-06-21,6213,Pohořelice,0,0,0,1,1,0,0,0,13,6213,Pohořelice,14599,2588,CZ064,Jihomoravský kraj,CZ,ČR,0.0,0,False,0,0.0,0,False,0,0.0,0,False,0,,30,30
neděle,2020-06-21,6214,Rosice,0,0,0,3,0,0,0,0,26,6214,Rosice,26284,5080,CZ064,Jihomoravský kraj,CZ,ČR,3.804595951909907,0,False,0,0.0,0,False,0,0.0,0,False,0,0.0,0,0
neděle,2020-06-21,6215,Slavkov u Brna,1,0,0,1,0,0,0,0,15,6215,Slavkov u Brna,24027,4191,CZ064,Jihomoravský kraj,CZ,ČR,4.161984434178216,0,True,0,0.0,0,False,0,6.666666666666667,3,True,2,0.0,0,5
neděle,2020-06-21,6216,Šlapanice,2,0,0,6,0,0,0,0,80,6216,Šlapanice,70414,12564,CZ064,Jihomoravský kraj,CZ,ČR,2.8403442497230666,0,False,0,0.0,0,False,0,2.5,0,True,2,2.0,30,32
neděle,2020-06-21,6217,Tišnov,1,0,0,1,0,0,0,0,34,6217,Tišnov,31725,6213,CZ064,Jihomoravský kraj,CZ,ČR,3.152088258471237,0,True,0,0.0,0,False,0,2.941176470588235,0,True,2,1.0,10,12
neděle,2020-06-21,6218,Veselí nad Moravou,0,0,0,0,0,0,0,0,35,6218,Veselí nad Moravou,37715,8138,CZ064,Jihomoravský kraj,CZ,ČR,0.0,0,False,0,0.0,0,False,0,0.0,0,False,0,,30,30
neděle,2020-06-21,6219,Vyškov,3,2,1,5,2,1,0,2,69,6219,Vyškov,52142,10312,CZ064,Jihomoravský kraj,CZ,ČR,5.753519235932646,0,True,0,19.39487975174554,2,True,2,4.3478260869565215,3,True,2,1.5,20,29
neděle,2020-06-21,6220,Znojmo,1,0,0,3,0,0,0,0,98,6220,Znojmo,91899,18089,CZ064,Jihomoravský kraj,CZ,ČR,2.1763022448557656,0,False,0,0.0,0,False,0,1.0204081632653061,0,True,2,0.5,0,2
neděle,2020-06-21,6221,Židlochovice,0,0,0,4,0,0,0,0,39,6221,Židlochovice,33816,5888,CZ064,Jihomoravský kraj,CZ,ČR,2.9571800331204163,0,False,0,0.0,0,False,0,0.0,0,False,0,0.0,0,0
neděle,2020-06-21,7101,Hranice,1,0,0,1,0,0,0,0,38,7101,Hranice,34146,6800,CZ071,Olomoucký kraj,CZ,ČR,2.9286007145785744,0,True,0,0.0,0,False,0,2.631578947368421,0,True,2,0.0,0,2
neděle,2020-06-21,7102,Jeseník,0,0,0,0,0,0,0,0,39,7102,Jeseník,37968,8400,CZ071,Olomoucký kraj,CZ,ČR,0.0,0,False,0,0.0,0,False,0,0.0,0,False,0,,30,30
neděle,2020-06-21,7103,Konice,0,0,0,0,0,0,0,0,12,7103,Konice,10634,2373,CZ071,Olomoucký kraj,CZ,ČR,0.0,0,False,0,0.0,0,False,0,0.0,0,False,0,,30,30
neděle,2020-06-21,7104,Lipník nad Bečvou,6,1,0,5,1,0,0,0,17,7104,Lipník nad Bečvou,15130,2913,CZ071,Olomoucký kraj,CZ,ČR,39.656311962987445,4,True,0,34.32887058015792,4,True,2,35.294117647058826,30,True,2,0.0,0,42
neděle,2020-06-21,7105,Litovel,3,2,2,34,20,11,7,3,105,7105,Litovel,23715,4914,CZ071,Olomoucký kraj,CZ,ČR,105.41851149061775,7,False,0,325.60032560032556,13,True,2,2.857142857142857,0,False,0,0.3,0,22
neděle,2020-06-21,7106,Mohelnice,0,0,0,1,0,0,0,0,21,7106,Mohelnice,18362,3710,CZ071,Olomoucký kraj,CZ,ČR,5.446029844243546,0,False,0,0.0,0,False,0,0.0,0,False,0,0.0,0,0
neděle,2020-06-21,7107,Olomouc,9,2,2,60,10,4,4,2,552,7107,Olomouc,165165,32742,CZ071,Olomoucký kraj,CZ,ČR,18.769109678200586,2,False,0,18.32508704416346,2,True,2,1.6304347826086956,0,False,0,0.6,0,6
neděle,2020-06-21,7108,Prostějov,0,0,0,6,0,0,0,0,123,7108,Prostějov,98012,20139,CZ071,Olomoucký kraj,CZ,ČR,2.0405664612496426,0,False,0,0.0,0,False,0,0.0,0,False,0,,30,30
neděle,2020-06-21,7109,Přerov,0,0,0,1,0,0,0,0,108,7109,Přerov,80236,17534,CZ071,Olomoucký kraj,CZ,ČR,0.0,0,False,0,0.0,0,False,0,0.0,0,False,0,,30,30
neděle,2020-06-21,7110,Šternberk,0,0,0,1,0,0,0,0,62,7110,Šternberk,24164,4837,CZ071,Olomoucký kraj,CZ,ČR,0.0,0,False,0,0.0,0,False,0,0.0,0,False,0,,30,30
neděle,2020-06-21,7111,Šumperk,0,0,0,1,0,0,0,0,46,7111,Šumperk,68988,15147,CZ071,Olomoucký kraj,CZ,ČR,1.4495274540499796,0,False,0,0.0,0,False,0,0.0,0,False,0,0.0,0,0
neděle,2020-06-21,7112,Uničov,3,0,0,9,0,0,0,0,55,7112,Uničov,22428,4534,CZ071,Olomoucký kraj,CZ,ČR,26.75227394328518,4,False,0,0.0,0,False,0,5.454545454545454,3,True,2,0.75,0,9
neděle,2020-06-21,7113,Zábřeh,0,0,0,0,0,0,0,0,27,7113,Zábřeh,33067,6892,CZ071,Olomoucký kraj,CZ,ČR,0.0,0,False,0,0.0,0,False,0,0.0,0,False,0,,30,30
neděle,2020-06-21,7201,Bystřice pod Hostýnem,0,0,0,0,0,0,0,0,18,7201,Bystřice pod Hostýnem,15242,3294,CZ072,Zlínský kraj,CZ,ČR,0.0,0,False,0,0.0,0,False,0,0.0,0,False,0,,30,30
neděle,2020-06-21,7202,Holešov,0,0,0,1,0,0,0,0,21,7202,Holešov,21540,4371,CZ072,Zlínský kraj,CZ,ČR,0.0,0,False,0,0.0,0,False,0,0.0,0,False,0,,30,30
neděle,2020-06-21,7203,Kroměříž,0,0,0,1,0,0,0,0,55,7203,Kroměříž,68561,14596,CZ072,Zlínský kraj,CZ,ČR,0.0,0,False,0,0.0,0,False,0,0.0,0,False,0,,30,30
neděle,2020-06-21,7204,Luhačovice,0,0,0,0,0,0,0,0,14,7204,Luhačovice,18624,3952,CZ072,Zlínský kraj,CZ,ČR,0.0,0,False,0,0.0,0,False,0,0.0,0,False,0,,30,30
neděle,2020-06-21,7205,Otrokovice,0,0,0,1,1,0,0,0,31,7205,Otrokovice,34276,7438,CZ072,Zlínský kraj,CZ,ČR,0.0,0,False,0,0.0,0,False,0,0.0,0,False,0,,30,30
neděle,2020-06-21,7206,Rožnov pod Radhoštěm,1,0,0,1,0,0,0,0,39,7206,Rožnov pod Radhoštěm,35175,7559,CZ072,Zlínský kraj,CZ,ČR,2.8429282160625444,0,True,0,0.0,0,False,0,2.564102564102564,0,True,2,1.0,10,12
neděle,2020-06-21,7207,Uherské Hradiště,0,0,0,0,0,0,0,0,75,7207,Uherské Hradiště,90117,18605,CZ072,Zlínský kraj,CZ,ČR,0.0,0,False,0,0.0,0,False,0,0.0,0,False,0,,30,30
neděle,2020-06-21,7208,Uherský Brod,0,0,0,0,0,0,0,0,29,7208,Uherský Brod,52109,10911,CZ072,Zlínský kraj,CZ,ČR,0.0,0,False,0,0.0,0,False,0,0.0,0,False,0,,30,30
neděle,2020-06-21,7209,Valašské Klobouky,0,0,0,0,0,0,0,0,24,7209,Valašské Klobouky,23102,4300,CZ072,Zlínský kraj,CZ,ČR,0.0,0,False,0,0.0,0,False,0,0.0,0,False,0,,30,30
neděle,2020-06-21,7210,Valašské Meziříčí,1,0,0,1,0,0,0,0,46,7210,Valašské Meziříčí,41831,8296,CZ072,Zlínský kraj,CZ,ČR,2.390571585666133,0,True,0,0.0,0,False,0,2.1739130434782608,0,True,2,0.0,0,2
neděle,2020-06-21,7211,Vizovice,0,0,0,3,1,0,0,0,29,7211,Vizovice,17153,3096,CZ072,Zlínský kraj,CZ,ČR,0.0,0,False,0,0.0,0,False,0,0.0,0,False,0,,30,30
neděle,2020-06-21,7212,Vsetín,0,0,0,0,0,0,0,0,59,7212,Vsetín,65522,13208,CZ072,Zlínský kraj,CZ,ČR,0.0,0,False,0,0.0,0,False,0,0.0,0,False,0,,30,30
neděle,2020-06-21,7213,Zlín,0,0,0,7,1,0,1,0,127,7213,Zlín,99303,21713,CZ072,Zlínský kraj,CZ,ČR,1.0070189218855423,0,False,0,0.0,0,False,0,0.0,0,False,0,0.0,0,0
neděle,2020-06-21,8101,Bílovec,0,0,0,1,0,0,0,0,77,8101,Bílovec,25622,5035,CZ080,Moravskoslezský kraj,CZ,ČR,0.0,0,False,0,0.0,0,False,0,0.0,0,False,0,,30,30
neděle,2020-06-21,8102,Bohumín,3,0,0,18,1,0,0,0,169,8102,Bohumín,33366,6681,CZ080,Moravskoslezský kraj,CZ,ČR,17.98237727027513,2,False,0,14.967819188744201,2,True,2,1.7751479289940828,0,True,2,0.0,0,8
neděle,2020-06-21,8103,Bruntál,1,0,0,1,0,0,0,0,30,8103,Bruntál,36418,7282,CZ080,Moravskoslezský kraj,CZ,ČR,2.74589488714372,0,True,0,0.0,0,False,0,3.3333333333333335,3,True,2,0.0,0,5
neděle,2020-06-21,8104,Český Těšín,5,0,0,17,0,0,0,0,156,8104,Český Těšín,25687,4960,CZ080,Moravskoslezský kraj,CZ,ČR,46.71623778565033,4,True,0,0.0,0,False,0,3.205128205128205,3,False,0,2.5,30,37
neděle,2020-06-21,8105,Frenštát pod Radhoštěm,0,0,0,0,0,0,0,0,42,8105,Frenštát pod Radhoštěm,19541,3851,CZ080,Moravskoslezský kraj,CZ,ČR,0.0,0,False,0,0.0,0,False,0,0.0,0,False,0,,30,30
neděle,2020-06-21,8106,Frýdek-Místek,12,1,0,20,2,1,2,1,508,8106,Frýdek-Místek,112433,21794,CZ080,Moravskoslezský kraj,CZ,ČR,14.230697393114122,2,True,0,9.176837661741764,0,True,2,2.3622047244094486,0,True,2,4.0,30,36
neděle,2020-06-21,8107,Frýdlant nad Ostravicí,1,0,0,3,0,0,1,0,83,8107,Frýdlant nad Ostravicí,24950,5239,CZ080,Moravskoslezský kraj,CZ,ČR,8.016032064128256,0,True,0,0.0,0,False,0,1.2048192771084338,0,True,2,1.0,10,12
neděle,2020-06-21,8108,Havířov,56,5,2,144,7,4,1,1,751,8108,Havířov,86494,18457,CZ080,Moravskoslezský kraj,CZ,ČR,99.42886211760354,7,True,0,32.507991547922195,4,True,2,7.456724367509987,7,True,2,2.6666666666666665,30,52
neděle,2020-06-21,8109,Hlučín,0,0,0,3,1,0,1,1,87,8109,Hlučín,40639,7899,CZ080,Moravskoslezský kraj,CZ,ČR,0.0,0,False,0,0.0,0,False,0,0.0,0,False,0,,30,30
neděle,2020-06-21,8110,Jablunkov,2,0,0,9,2,0,0,0,124,8110,Jablunkov,22664,3972,CZ080,Moravskoslezský kraj,CZ,ČR,8.824567596187787,0,True,0,0.0,0,False,0,1.6129032258064515,0,True,2,0.0,0,2
neděle,2020-06-21,8111,Karviná,69,6,3,190,12,7,7,4,564,8111,Karviná,63614,13403,CZ080,Moravskoslezský kraj,CZ,ČR,185.49375923538844,10,True,0,52.227113332835934,7,True,2,12.23404255319149,11,True,2,2.0294117647058822,30,62
neděle,2020-06-21,8112,Kopřivnice,0,0,0,1,0,0,0,0,65,8112,Kopřivnice,40755,7907,CZ080,Moravskoslezský kraj,CZ,ČR,0.0,0,False,0,0.0,0,False,0,0.0,0,False,0,,30,30
neděle,2020-06-21,8113,Kravaře,0,0,0,1,0,0,0,0,18,8113,Kravaře,21356,3656,CZ080,Moravskoslezský kraj,CZ,ČR,0.0,0,False,0,0.0,0,False,0,0.0,0,False,0,,30,30
neděle,2020-06-21,8114,Krnov,0,0,0,0,0,0,0,0,31,8114,Krnov,39938,8666,CZ080,Moravskoslezský kraj,CZ,ČR,0.0,0,False,0,0.0,0,False,0,0.0,0,False,0,,30,30
neděle,2020-06-21,8115,Nový Jičín,1,0,0,2,0,0,0,0,57,8115,Nový Jičín,48731,9593,CZ080,Moravskoslezský kraj,CZ,ČR,4.104163674047321,0,True,0,0.0,0,False,0,1.7543859649122806,0,False,0,1.0,10,10
neděle,2020-06-21,8116,Odry,1,0,0,4,0,0,0,0,72,8116,Odry,16928,3338,CZ080,Moravskoslezský kraj,CZ,ČR,11.814744801512287,2,False,0,0.0,0,False,0,1.3888888888888888,0,False,0,0.5,0,2
neděle,2020-06-21,8117,Opava,0,0,0,4,0,0,0,0,128,8117,Opava,100967,20360,CZ080,Moravskoslezský kraj,CZ,ČR,0.9904226133291075,0,False,0,0.0,0,False,0,0.0,0,False,0,0.0,0,0
neděle,2020-06-21,8118,Orlová,7,1,1,50,2,1,2,2,294,8118,Orlová,37163,6772,CZ080,Moravskoslezský kraj,CZ,ČR,72.65290746172269,7,False,0,29.533372711163615,4,True,2,2.380952380952381,0,False,0,0.6363636363636364,0,13
neděle,2020-06-21,8119,Ostrava,13,0,0,45,1,1,2,1,859,8119,Ostrava,320145,64634,CZ080,Moravskoslezský kraj,CZ,ČR,6.5595277140045924,0,True,0,0.0,0,False,0,1.5133876600698486,0,True,2,2.6,30,32
neděle,2020-06-21,8120,Rýmařov,0,0,0,0,0,0,0,0,16,8120,Rýmařov,15241,3521,CZ080,Moravskoslezský kraj,CZ,ČR,0.0,0,False,0,0.0,0,False,0,0.0,0,False,0,,30,30
neděle,2020-06-21,8121,Třinec,38,29,25,52,30,24,3,3,412,8121,Třinec,54613,11066,CZ080,Moravskoslezský kraj,CZ,ČR,89.7222273085163,7,True,0,262.06397975781675,13,True,2,9.223300970873787,7,True,2,7.6,30,61
neděle,2020-06-21,8122,Vítkov,0,0,0,0,0,0,0,0,10,8122,Vítkov,13274,2743,CZ080,Moravskoslezský kraj,CZ,ČR,0.0,0,False,0,0.0,0,False,0,0.0,0,False,0,,30,30
